-- Database Snapshot Created: 2025-08-20T11:49:34.178Z
-- Environment: development
-- Tables: 10

-- Table: __drizzle_migrations
-- Columns: 3
-- Rows: 0

-- Table: ai_outputs_log
-- Columns: 11
-- Rows: 34

-- Data for ai_outputs_log
INSERT INTO ai_outputs_log (id, user_id, output_type, prompt, response, model_version, processing_time_ms, created_at, is_current, updated_at, system_id) VALUES (29, 1, 'system_insights', 'system_id:1', '{"system_status":"At Risk","summary_insight":"Several cardiovascular metrics are significantly out of normal range, particularly related to lipid levels, signaling potential risk factors for cardiovascular disease.","out_of_range_metrics":[{"metric_name":"LDL, Small","value_and_range":"333 nmol/L vs. 0–100 nmol/L","definition":"A measure of small, dense low-density lipoprotein particles known to increase cardiovascular risk","implication":"High levels of LDL, Small are associated with atherosclerosis and cardiovascular disease.","recommendations":"Consider discussing LDL-lowering strategies with your healthcare provider, such as lifestyle changes and cholesterol-lowering medications."},{"metric_name":"LDL, Small","value_and_range":"419 nmol/L vs. 0–100 nmol/L","definition":"A measure of small, dense low-density lipoprotein particles known to increase cardiovascular risk","implication":"Further elevated levels exacerbate the risk of developing atherosclerosis.","recommendations":"Evaluate current diet and lifestyle; initiate or intensify interventions to lower LDL levels, including increased physical activity and potential pharmacotherapy."},{"metric_name":"LDL Calculated","value_and_range":"151 mg/dL vs. 0–100 mg/dL","definition":"The amount of low-density lipoprotein cholesterol in the blood","implication":"Elevated LDL levels can lead to plaque buildup in arteries and increased risk of heart disease.","recommendations":"Adopt dietary changes including reduced saturated fats; consider medical advice for statin therapy."},{"metric_name":"Total Cholesterol","value_and_range":"222 mg/dL vs. 0–100 mg/dL","definition":"Comprises LDL, HDL, and other lipid components in the blood","implication":"High total cholesterol can increase cardiovascular risk.","recommendations":"Focus on a heart-healthy diet, increase physical activity, and discuss potential use of lipid-lowering medications."},{"metric_name":"NON-HDL CHOLESTEROL","value_and_range":"174 mg/dL vs. 0–100 mg/dL","definition":"Total cholesterol minus HDL, encompasses all atherogenic (non-HDL) cholesterol","implication":"Elevated levels suggest increased risk for coronary artery disease.","recommendations":"Comprehensive cardiovascular risk assessment and management plan including lifestyle modifications and possible medical treatment."}],"recommendations":["Increase exercise routine to moderate-intensity on most days of the week.","Adopt a diet rich in fruits, vegetables, whole grains, and lean protein.","Avoid trans fats and reduce intake of saturated fats and cholesterol.","Consult with a healthcare provider about the potential need for lipid-lowering medications.","Regularly monitor lipid levels to evaluate the effectiveness of interventions."]}', 'gpt-4o', 0, '2025-08-01T21:30:55.153Z', false, '2025-08-01T21:47:23.617Z', 1);
INSERT INTO ai_outputs_log (id, user_id, output_type, prompt, response, model_version, processing_time_ms, created_at, is_current, updated_at, system_id) VALUES (25, 1, 'system_insights', 'system_id:1', '{"system_status":"High Risk","summary_insight":"The cardiovascular system metrics show several key indicators significantly out of the normal range, primarily involving LDL measurements, suggesting an elevated risk profile for cardiovascular health.","out_of_range_metrics":[{"metric_name":"LDL, SMALL","value_and_range":"333 nmol/L vs. 0–100 nmol/L","definition":"Small Dense LDL particles which are more atherogenic.","implication":"The high level indicates an elevated risk for atherosclerosis and cardiovascular events.","recommendations":"Consider dietary changes, increased physical activity, and consult with healthcare provider for lipid-lowering strategies."},{"metric_name":"LDL PARTICLES, TOTAL","value_and_range":"2144 nmol/L vs. 0–100 nmol/L","definition":"Measures the total number of LDL particles in the blood.","implication":"Elevated total LDL particles can increase cardiovascular disease risk.","recommendations":"Lifestyle modifications like a heart-healthy diet and regular exercise are essential; medication may be considered."},{"metric_name":"Apolipoprotein B","value_and_range":"130 mg/dL vs. 0–100 mg/dL","definition":"A protein that represents the number of atherogenic particles, mainly LDL.","implication":"High levels are associated with increased risk of cardiovascular disease.","recommendations":"Monitor dietary intake, enhance physical activity, and consider discussing medication with a healthcare provider."},{"metric_name":"LDL, Small","value_and_range":"419 nmol/L vs. 0–100 nmol/L","definition":"A subfraction of LDL particles considered more atherogenic.","implication":"High levels may increase the risk of developing cardiovascular diseases.","recommendations":"Review dietary habits, increase physical exercise, and consult with a healthcare professional for further assessment."}],"recommendations":["Adopt a heart-healthy diet rich in fruits, vegetables, and whole grains.","Engage in regular physical activity, such as 150 minutes of moderate aerobic exercise per week.","Limit intake of saturated fats and trans fats to reduce LDL cholesterol levels.","Consult with a healthcare provider for a risk assessment and possible medical intervention.","Monitor cholesterol levels periodically to assess the effectiveness of implemented lifestyle changes."]}', 'gpt-4o', 0, '2025-08-01T20:38:43.377Z', false, '2025-08-01T21:47:23.617Z', 1);
INSERT INTO ai_outputs_log (id, user_id, output_type, prompt, response, model_version, processing_time_ms, created_at, is_current, updated_at, system_id) VALUES (2, 1, 'system_insights', 'Generate insights for Endocrine system', '{"system_name":"Endocrine","overall_status":"good","key_findings":["Current hemoglobin levels are within the normal reference range indicating no immediate concerns regarding this specific metric."],"recommendations":[{"action":"Routine monitoring of endocrine function, including thyroid and glucose levels.","rationale":"To ensure comprehensive evaluation of endocrine health, as hemoglobin alone does not provide complete insight into endocrine functionality.","timeline":"short_term"},{"action":"Evaluate lifestyle factors such as diet and exercise that can influence endocrine health.","rationale":"Optimal diet and regular physical activity can support maintaining healthy endocrine function.","timeline":"long_term"}],"trend_analysis":"insufficient_data","risk_factors":["Lack of comprehensive data on other endocrine-related parameters such as thyroid hormones, blood glucose, or cortisol levels."],"next_steps":["Obtain a full panel of endocrine-related tests including thyroid profile, HbA1c, and cortisol levels.","Monitor periodic endocrine assessments to establish baseline trends and identify potential deviations early."]}', 'gpt-4o', 0, '2025-07-28T23:34:24.685Z', true, '2025-07-30T20:59:20.299Z', 7);
INSERT INTO ai_outputs_log (id, user_id, output_type, prompt, response, model_version, processing_time_ms, created_at, is_current, updated_at, system_id) VALUES (4, 1, 'system_insights', 'Generate insights for Respiratory system', '{"system_name":"Respiratory","overall_status":"good","key_findings":["Current carbon dioxide levels are within the normal reference range, indicating normal respiratory function.","No historical data is available to assess trends over time."],"recommendations":[{"action":"Continue routine monitoring of respiratory metrics.","rationale":"Maintaining regular assessments will help detect any deviations from normal levels early, enabling timely interventions.","timeline":"long_term"}],"trend_analysis":"insufficient_data","risk_factors":["Lack of historical data can limit the ability to detect early trends or potential issues."],"next_steps":["Consider implementing a more comprehensive data tracking system to gather historical data on respiratory metrics.","Encourage regular check-ups to ensure continued monitoring of respiratory health."]}', 'gpt-4o', 0, '2025-07-29T09:38:59.281Z', true, '2025-07-30T20:59:20.299Z', 3);
INSERT INTO ai_outputs_log (id, user_id, output_type, prompt, response, model_version, processing_time_ms, created_at, is_current, updated_at, system_id) VALUES (5, 1, 'system_insights', 'Generate insights for Skeletal system', '{"system_name":"Skeletal","overall_status":"good","key_findings":["Calcium level is within the normal reference range."],"recommendations":[{"action":"Maintain adequate dietary calcium intake","rationale":"A normal calcium level suggests good bone metabolism, but it''s important to ensure continued intake of calcium for bone health, especially considering life stages like aging where bone density may decrease.","timeline":"long_term"},{"action":"Include weight-bearing exercises in daily routine","rationale":"Regular physical activity, particularly weight-bearing exercises, helps in maintaining bone density and promoting skeletal health.","timeline":"long_term"}],"trend_analysis":"insufficient_data","risk_factors":["Age-related bone density reduction","Potential for osteoporosis in the absence of preventive measures"],"next_steps":["Collect more longitudinal data points to assess trends over time.","Consider comprehensive bone health screenings, such as a DEXA scan, if clinically indicated."]}', 'gpt-4o', 0, '2025-07-29T09:39:02.669Z', true, '2025-07-30T20:59:20.299Z', 5);
INSERT INTO ai_outputs_log (id, user_id, output_type, prompt, response, model_version, processing_time_ms, created_at, is_current, updated_at, system_id) VALUES (26, 1, 'system_insights', 'system_id:1', '{"system_status":"High Risk","summary_insight":"The cardiovascular system metrics show significant abnormalities particularly in lipoprotein and cholesterol levels, indicating a high risk for cardiovascular issues.","out_of_range_metrics":[{"metric_name":"LDL, Small","value_and_range":"333 nmol/L vs. 0–100 nmol/L","definition":"Measures the amount of small-sized low-density lipoprotein particles in the blood.","implication":"Elevated levels of small dense LDL particles are associated with a greater risk of atherosclerosis and cardiovascular disease.","recommendations":"Consider lifestyle changes such as improved diet and increased physical activity; consult with a healthcare provider for medication options if needed."},{"metric_name":"Cholesterol","value_and_range":"222 mg/dL vs. 0–100 mg/dL","definition":"Measures the total amount of cholesterol in the blood including LDL and HDL.","implication":"High total cholesterol levels increase the risk of heart disease and stroke.","recommendations":"Implement dietary changes to reduce saturated fat intake; regular exercise; discuss medical interventions with a healthcare provider."},{"metric_name":"LDL PARTICLES, TOTAL","value_and_range":"2144 nmol/L vs. 0–100 nmol/L","definition":"Indicative of the total number of low-density lipoprotein particles present in the blood.","implication":"High levels of LDL particles can lead to plaque buildup in arteries, increasing cardiovascular risk.","recommendations":"Monitor your diet, focusing on lowering saturated fats; engage in consistent cardiovascular exercises; seek professional medical advice for treatment options."},{"metric_name":"Apolipoprotein B","value_and_range":"130 mg/dL vs. 0–100 mg/dL","definition":"A measure of the protein that is a component of LDL particles, which can indicate the number of atherogenic particles.","implication":"Elevated apolipoprotein B correlates with higher risk of cardiovascular disease.","recommendations":"Adopt a heart-healthy diet focusing on what is proven to reduce cholesterol levels; maintain a regular exercise regime; consult with healthcare provider for personalized interventions."}],"recommendations":["Adopt a low-saturated fat diet rich in fruits, vegetables, and whole grains.","Engage in at least 150 minutes of moderate exercise per week.","Regularly monitor your blood lipid levels and maintain follow-up consultations with your healthcare provider.","Consider discussing cholesterol-lowering medications like statins with your healthcare provider.","Limit alcohol intake and avoid smoking to improve cardiovascular health."]}', 'gpt-4o', 0, '2025-08-01T20:56:03.294Z', false, '2025-08-01T21:47:23.617Z', 1);
INSERT INTO ai_outputs_log (id, user_id, output_type, prompt, response, model_version, processing_time_ms, created_at, is_current, updated_at, system_id) VALUES (9, 1, 'system_insights', 'Generate insights for Nervous/Brain system', '{"system_name":"Nervous/Brain","overall_status":"excellent","key_findings":["LA PLA2 activity is within the normal reference range, indicating appropriate levels of phospholipase A2 enzyme activity in the nervous system."],"recommendations":[{"action":"maintain current lifestyle habits that support brain health","rationale":"The current metric indicates no issues with phospholipid metabolism; continuing with balanced nutrition, regular physical activity, and cognitive engagement is beneficial.","timeline":"long_term"}],"trend_analysis":"insufficient_data","risk_factors":[],"next_steps":["Continue regular monitoring of LA PLA2 activity and other indicators of brain health.","Consider additional assessments such as neuroimaging or cognitive tests if any new symptoms or concerns arise."]}', 'gpt-4o', 0, '2025-07-29T09:58:38.650Z', true, '2025-07-30T20:59:20.299Z', 2);
INSERT INTO ai_outputs_log (id, user_id, output_type, prompt, response, model_version, processing_time_ms, created_at, is_current, updated_at, system_id) VALUES (7, 1, 'system_insights', 'Generate insights for Urinary system', '{"system_name":"Urinary","overall_status":"good","key_findings":["eGFR is within a healthy range, suggesting normal kidney function.","Creatinine and BUN levels are within the standard reference range, indicating no immediate concerns regarding kidney function."],"recommendations":[{"action":"Maintain current lifestyle and dietary habits that support kidney health.","rationale":"Consistent eGFR and Creatinine levels within reference ranges suggest effective renal function. Maintaining hydration, a balanced diet, and regular check-ups support ongoing health.","timeline":"long_term"},{"action":"Schedule routine monitoring of kidney function tests.","rationale":"Regular monitoring helps detect any emerging issues early, especially since historical data isn''t available for trend comparison.","timeline":"short_term"}],"trend_analysis":"insufficient_data","risk_factors":[],"next_steps":["Implement regular screening every 6-12 months for continuous assessment.","Ensure a balanced diet with appropriate protein intake as both excessive and inadequate protein can affect kidney function."]}', 'gpt-4o', 0, '2025-07-29T09:39:13.354Z', true, '2025-07-30T20:59:20.299Z', 8);
INSERT INTO ai_outputs_log (id, user_id, output_type, prompt, response, model_version, processing_time_ms, created_at, is_current, updated_at, system_id) VALUES (8, 1, 'system_insights', 'Generate insights for Reproductive system', '{"system_name":"Reproductive","overall_status":"good","key_findings":["The testosterone level is within the normal reference range.","There is insufficient historical data to assess trends over time."],"recommendations":[{"action":"Maintain healthy lifestyle","rationale":"A balanced diet and regular exercise can help maintain testosterone levels within a normal range.","timeline":"long_term"},{"action":"Regular health check-ups","rationale":"Continued monitoring ensures early detection of any potential changes in testosterone levels.","timeline":"short_term"}],"trend_analysis":"insufficient_data","risk_factors":["Age-related changes","Lifestyle factors such as poor diet or lack of exercise"],"next_steps":["Collect more longitudinal data for trend analysis","Investigate and document any symptoms or external factors that may influence reproductive health"]}', 'gpt-4o', 0, '2025-07-29T09:39:18.196Z', true, '2025-07-30T20:59:20.299Z', 9);
INSERT INTO ai_outputs_log (id, user_id, output_type, prompt, response, model_version, processing_time_ms, created_at, is_current, updated_at, system_id) VALUES (23, 1, 'system_insights', 'system_id:1', '{"system_status":"High Risk","summary_insight":"The cardiovascular metrics indicate potential risk due to significantly elevated LDL small particles and LDL total particles. This could imply increased risk for atherosclerosis and cardiovascular disease.","out_of_range_metrics":[{"metric_name":"LDL, SMALL","value_and_range":"333 nmol/L vs. 0–100 nmol/L","definition":"LDL small particle count measures the concentration of small low-density lipoprotein particles in the blood, which are more atherogenic.","implication":"Elevated levels of small LDL particles are associated with increased risk of plaque formation in arteries, potentially leading to cardiovascular disease.","recommendations":"Consider dietary changes to reduce saturated fats, increase physical activity, and consult a healthcare provider about potential medication options."},{"metric_name":"LDL PARTICLES, TOTAL","value_and_range":"2144 nmol/L vs. 0–100 nmol/L","definition":"Total LDL particle count measures the overall concentration of low-density lipoprotein particles in the blood.","implication":"High total LDL particle number can indicate a higher risk for the development of cardiovascular disease.","recommendations":"Implement lifestyle changes including a heart-healthy diet, regular exercise, and possibly discussing with a doctor the need for lipid-lowering medications."}],"recommendations":["Adopt a diet low in saturated fats and cholesterol, focusing on fruits, vegetables, and whole grains.","Engage in regular physical activity, aiming for at least 150 minutes of moderate aerobic exercise per week.","Consult with a healthcare provider about regular monitoring of lipid levels and the potential need for medication to manage LDL particles.","Consider lifestyle interventions to reduce stress, which can impact heart health.","Monitor changes in lipid profile through regular physician visits and follow their guidance on managing cholesterol levels."]}', 'gpt-4o', 0, '2025-07-31T17:16:34.457Z', false, '2025-08-01T21:47:23.617Z', 1);
INSERT INTO ai_outputs_log (id, user_id, output_type, prompt, response, model_version, processing_time_ms, created_at, is_current, updated_at, system_id) VALUES (12, 1, 'daily_plan', 'Generate daily health plan', '{"plan_date":"2023-10-22","recommendations":[{"category":"nutrition","action":"Include a serving of leafy greens in your lunch","reason":"Leafy greens are high in fiber and essential nutrients, which can help improve digestion and support overall health.","priority":"medium"},{"category":"exercise","action":"Take a 20-minute brisk walk in the morning","reason":"Morning walks can help boost your cardiovascular health and improve mood and energy levels throughout the day.","priority":"high"},{"category":"sleep","action":"Establish a consistent bedtime routine by winding down 30 minutes before bed","reason":"A regular bedtime routine can help improve sleep quality by signaling to your brain that it’s time to relax and prepare for rest.","priority":"high"}],"key_focus_areas":["improving diet","enhancing physical activity","improving sleep quality"],"estimated_compliance_time_minutes":50}', 'gpt-4o', 0, '2025-07-30T20:29:50.107Z', false, '2025-08-01T21:47:23.617Z', NULL);
INSERT INTO ai_outputs_log (id, user_id, output_type, prompt, response, model_version, processing_time_ms, created_at, is_current, updated_at, system_id) VALUES (19, 1, 'system_insights', 'system_id:1', '{"system_status":"High Risk","summary_insight":"The analysis indicates multiple metrics related to cholesterol and lipoprotein levels are significantly out of range, specifically concerning LDL particles and cholesterol levels, suggesting considerable cardiovascular risk.","out_of_range_metrics":[{"metric_name":"LDL, MEDIUM","value_and_range":"419 nmol/L vs. 0–100 nmol/L","definition":"Medium-density lipoproteins (LDL) that transport cholesterol in the bloodstream.","implication":"Elevated LDL can lead to plaque buildup in arteries, increasing the risk of cardiovascular disease.","recommendations":"Consider lifestyle changes to lower LDL, such as increased physical activity and dietary adjustments. Consult a healthcare professional about potential medication."},{"metric_name":"Cholesterol","value_and_range":"222 mg/dL vs. 0–100 mg/dL","definition":"Total cholesterol level in the blood, including LDL and HDL.","implication":"High cholesterol can contribute to cardiovascular disease due to plaque buildup in arteries.","recommendations":"Reduce intake of saturated fats, maintain regular aerobic exercise, and consult healthcare providers for management options."},{"metric_name":"LDL Calculated","value_and_range":"151 mg/dL vs. 0–100 mg/dL","definition":"Calculated low-density lipoprotein, often related to bad cholesterol levels in the blood.","implication":"High LDL levels can increase the risk of heart disease and stroke.","recommendations":"Implement a heart-healthy diet rich in fiber, potentially consider cholesterol-lowering medications under medical advice."},{"metric_name":"NON-HDL CHOLESTEROL","value_and_range":"174 mg/dL vs. 0–100 mg/dL","definition":"Non-HDL cholesterol includes all potentially harmful cholesterol substances in the blood.","implication":"Elevated levels suggest a higher risk for heart disease than just high LDL cholesterol alone.","recommendations":"Focus on an active lifestyle and heart-friendly nutrition; consider medical review for further evaluation."},{"metric_name":"Apolipoprotein B","value_and_range":"130 mg/dL vs. 0–100 mg/dL","definition":"Protein that is a component of LDL particles, crucial for lipid metabolism.","implication":"High levels may indicate a higher number of atherogenic particles, increasing cardiovascular risk.","recommendations":"Manage diet to lower cholesterol, increase physical activity, and seek specialist''s advice for medication suitability."}],"recommendations":["Implement a heart-healthy diet focusing on reducing saturated fats and increasing vegetables and whole grains.","Engage in regular aerobic exercise, such as brisk walking or cycling, for at least 150 minutes per week.","Schedule a consultation with a healthcare provider for evaluation of cardiovascular risk and potential medication.","Monitor cholesterol levels regularly to track changes and assess the effectiveness of interventions.","Consider lifestyle counseling or a nutritionist consultation for personalized dietary and lifestyle guidance."]}', 'gpt-4o', 0, '2025-07-31T13:08:50.124Z', false, '2025-08-01T21:47:23.617Z', 1);
INSERT INTO ai_outputs_log (id, user_id, output_type, prompt, response, model_version, processing_time_ms, created_at, is_current, updated_at, system_id) VALUES (27, 1, 'system_insights', 'system_id:1', '{"system_status":"High Risk","summary_insight":"Multiple cardiovascular risk factors are evident, including significantly elevated levels of small dense LDL particles and total cholesterol levels, indicating potential for increased cardiovascular risk.","out_of_range_metrics":[{"metric_name":"LDL, Small","value_and_range":"333 nmol/L vs. 0–100 nmol/L","definition":"LDL, Small refers to a subset of low-density lipoprotein particles that are smaller and denser than typical LDL particles.","implication":"High levels of small dense LDL particles are associated with an increased risk of atherosclerosis and cardiovascular disease.","recommendations":"Consider lifestyle changes such as a low-saturated fat diet, increased physical activity, and potentially discuss with a healthcare provider the use of medications to lower LDL levels."},{"metric_name":"Cholesterol","value_and_range":"222 mg/dL vs. 0–100 mg/dL","definition":"Cholesterol is a fatty substance that''s needed to build cells and produce hormones, but high levels can increase heart disease risk.","implication":"Elevated total cholesterol levels can lead to the development of fatty deposits in blood vessels, increasing the risk of heart disease.","recommendations":"Focus on a heart-healthy diet, including more fruits, vegetables, and whole grains, while reducing saturated and trans fats."},{"metric_name":"Apolipoprotein B","value_and_range":"130 mg/dL vs. 0–100 mg/dL","definition":"Apolipoprotein B (ApoB) is a primary protein component of LDL and VLDL particles, indicating the number of LDL particles.","implication":"High ApoB levels are associated with increased cardiovascular risk due to the high number of atherogenic lipoprotein particles.","recommendations":"Consult with a healthcare provider about medical options to reduce ApoB levels, alongside lifestyle modifications."},{"metric_name":"LDL, Small","value_and_range":"419 nmol/L vs. 0–100 nmol/L","definition":"Same metric as earlier but repeated value emphasizes significant elevation.","implication":"Reemphasizes the heightened risk for cardiovascular disease associated with elevated small dense LDL particle levels.","recommendations":"Reiteration of lifestyle interventions and potentially discussing statin therapy with a healthcare provider."},{"metric_name":"LDL Particles, Total","value_and_range":"2144 nmol/L vs. 0–100 nmol/L","definition":"This metric indicates the total number of LDL particles in the blood.","implication":"An elevated total LDL particle count increases the risk of plaque formation and cardiovascular disease.","recommendations":"Maintaining a healthy weight, regular physical activity, and potential medical intervention as per healthcare provider advice."}],"recommendations":["Adopt a diet rich in fruits, vegetables, and whole grains while reducing intake of saturated fats.","Engage in regular physical exercise, such as brisk walking for at least 150 minutes per week.","Consider discussing medication options with your healthcare provider to manage cholesterol levels.","Limit alcohol consumption and quit smoking to improve cardiovascular health.","Monitor blood pressure and maintain it within normal ranges through lifestyle and dietary adjustments."]}', 'gpt-4o', 0, '2025-08-01T21:07:46.750Z', false, '2025-08-01T21:47:23.617Z', 1);
INSERT INTO ai_outputs_log (id, user_id, output_type, prompt, response, model_version, processing_time_ms, created_at, is_current, updated_at, system_id) VALUES (32, 1, 'system_insights', 'system_id:1', '{"system_status":"High Risk","summary_insight":"The cardiovascular metrics demonstrate significant elevation in LDL small particles, total cholesterol, LDL calculated, and related cholesterol metrics, indicating heightened risk for cardiovascular issues.","out_of_range_metrics":[{"metric_name":"LDL, Small","value_and_range":"333 nmol/L vs. 0–100 nmol/L","definition":"Measures small, dense low-density lipoprotein particles associated with increased atherosclerotic risk.","implication":"Elevated levels are linked to a higher risk of cardiovascular disease due to their atherogenic nature.","recommendations":"Consider dietary changes, physical activity, and consultation with healthcare professional for potential lipid-lowering therapy."},{"metric_name":"LDL, Small","value_and_range":"419 nmol/L vs. 0–100 nmol/L","definition":"Measures small, dense low-density lipoprotein particles associated with increased atherosclerotic risk.","implication":"Significant elevation further increases cardiovascular risk.","recommendations":"Intensify lifestyle modifications and seek medical advice for possible intervention."},{"metric_name":"Cholesterol","value_and_range":"222 mg/dL vs. 0–100 mg/dL","definition":"Reflects the total amount of cholesterol in the blood, including LDL, HDL, and VLDL.","implication":"High total cholesterol is associated with an increased risk of heart disease.","recommendations":"Adopt heart-healthy dietary habits, increase physical exercise, and consult a healthcare provider for cholesterol management."},{"metric_name":"LDL Calculated","value_and_range":"151 mg/dL vs. 0–100 mg/dL","definition":"Estimates the amount of low-density lipoprotein cholesterol in the blood.","implication":"High LDL cholesterol is a major risk factor for coronary artery disease.","recommendations":"Implement dietary, exercise changes, and discuss pharmacological options with a healthcare provider."},{"metric_name":"LDL Particles, Total","value_and_range":"2144 nmol/L vs. 0–100 nmol/L","definition":"Counts all LDL particles, providing insight into cardiovascular risk beyond traditional LDL cholesterol tests.","implication":"High particle number suggests increased atherosclerotic burden.","recommendations":"Focus on lifestyle interventions and seek specialist evaluation for advanced lipid management strategies."}],"recommendations":["Increase intake of dietary fibers and incorporate a plant-based diet rich in fruits, vegetables, and whole grains.","Engage in regular physical activity, aiming for at least 150 minutes of moderate exercise per week.","Reduce intake of saturated fats and trans fats by choosing leaner cuts of meat and cooking with healthier oils.","Consult with a healthcare professional to explore potential medical treatments and manage cholesterol levels effectively.","Monitor cardiovascular health regularly with follow-up consultations to track improvements and adjust interventions as needed."]}', 'gpt-4o', 0, '2025-08-01T21:48:39.121Z', true, '2025-08-01T21:48:39.121Z', 1);
INSERT INTO ai_outputs_log (id, user_id, output_type, prompt, response, model_version, processing_time_ms, created_at, is_current, updated_at, system_id) VALUES (34, 1, 'system_insights', 'system_id:12', '{"system_status":"High Risk","summary_insight":"The comprehensive evaluation of the sensory system, specifically focusing on the eye, reveals significant findings consistent with keratoconus, a progressive eye disorder. Multiple eye topography studies indicate elevated SimK values, significant astigmatism, and reduced corneal thickness. These indicators, coupled with the high Keratoconus Probability Index, suggest a pronounced risk for corneal structural abnormalities. The need for corrective lenses is apparent due to the high refractive power and irregular astigmatism. Historical data comparison showing progression in key metrics reinforces the high-risk status, necessitating careful monitoring and potential intervention.","out_of_range_metrics":[{"metric_name":"SimKv","value_and_range":"49.85 D vs. 40–47 D","definition":"Simulated keratometry (SimK) measures the curvature of the anterior corneal surface.","implication":"An elevated SimK value can indicate corneal steepening, often associated with keratoconus.","recommendations":"Regular eye examinations with a corneal specialist to monitor progression and consider contact lenses or surgical options like cross-linking."},{"metric_name":"Astigmatism","value_and_range":"5.51 D vs. <1 D (normal)","definition":"Astigmatism measures the degree of corneal or lens imperfection causing vision distortion.","implication":"High astigmatism can significantly affect vision quality and is often seen in keratoconus.","recommendations":"Custom contact lenses or spectacles for correction. Monitor for increases in astigmatism."},{"metric_name":"Pachymetry (Thinnest)","value_and_range":"457 μm vs. >500 μm (normal)","definition":"Pachymetry measures corneal thickness, critical for diagnosing eye conditions like keratoconus.","implication":"Thinner corneas are susceptible to deformation, a hallmark of keratoconus.","recommendations":"Protective eyewear to reduce risk of injury. Discuss corneal cross-linking with an ophthalmologist."},{"metric_name":"Keratoconus Probability Index","value_and_range":"100% vs. <10% (low suspicion)","definition":"An index used to assess the likelihood of keratoconus based on corneal measurements.","implication":"A high index indicates a very high likelihood of keratoconus, necessitating intervention.","recommendations":"Confirmatory testing and consultation for potential treatment strategies like cross-linking."}],"recommendations":["Schedule a thorough evaluation with a corneal specialist to explore potential treatment options such as corneal cross-linking.","Consider custom contact lenses to manage vision distortion due to high astigmatism and refractive error.","Protect eyes from trauma with appropriate protective eyewear, particularly since thinner corneas are more fragile.","Maintain regular follow-ups to monitor corneal thickness and curvatures to manage the progression of keratoconus."]}', 'gpt-4o', 0, '2025-08-03T15:37:50.206Z', true, '2025-08-03T15:37:50.206Z', 12);
INSERT INTO ai_outputs_log (id, user_id, output_type, prompt, response, model_version, processing_time_ms, created_at, is_current, updated_at, system_id) VALUES (24, 1, 'system_insights', 'system_id:11', '{"system_status":"Mild Concern","summary_insight":"Most metrics for the immune and inflammation system are within the expected ranges. However, some values are reported significantly above the set maximum limits, misrepresenting actual levels; this suggests a possible data entry error or units mismatch, leading to a ‘Mild Concern’ status.","out_of_range_metrics":[{"metric_name":"Neutrophils Absolute Count","value_and_range":"2666 cells/uL vs. 0–100 cells/uL","definition":"Measures the absolute count of neutrophils, a type of white blood cell important for fighting infections.","implication":"The value exceeds the defined range, suggesting a potential data entry error as it is within normal physiologic levels.","recommendations":"Verify the input data and ensure correct units or expected range values are used."},{"metric_name":"Lymphocytes Absolute Count","value_and_range":"2262 cells/uL vs. 0–100 cells/uL","definition":"Measures the absolute count of lymphocytes, white blood cells essential for immune responses.","implication":"Like the previous metric, the value being significantly higher than the range suggests a data error.","recommendations":"Confirm data accuracy, and adjust the reported range or value as necessary."},{"metric_name":"Sodium","value_and_range":"138 mmol/L vs. 0–100 mmol/L","definition":"Measures the concentration of sodium in the blood, important for fluid balance and nerve function.","implication":"The recorded value is physiologically normal but exceeds the defined range, indicating possible data entry errors.","recommendations":"Review and correct the range or data input to reflect standard physiological limits."}],"recommendations":["Review data entry practices to prevent similar errors in the future.","Verify units and expected physiological ranges for all lab results.","Consult with a healthcare provider to confirm results and ensure consistency in record-keeping."]}', 'gpt-4o', 0, '2025-07-31T19:00:25.040Z', false, '2025-08-01T21:47:23.617Z', 11);
INSERT INTO ai_outputs_log (id, user_id, output_type, prompt, response, model_version, processing_time_ms, created_at, is_current, updated_at, system_id) VALUES (15, 1, 'daily_plan', 'Generate daily health plan', '{"plan_date":"2023-11-28","recommendations":[{"category":"nutrition","action":"Eat at least 5 servings of fruits and vegetables today.","reason":"Incorporating a variety of fruits and vegetables can improve nutrient intake and overall health.","priority":"high"},{"category":"exercise","action":"Engage in at least 30 minutes of moderate aerobic activity, such as brisk walking or cycling.","reason":"Regular physical activity helps maintain weight, reduces the risk of chronic diseases, and improves mood.","priority":"high"},{"category":"sleep","action":"Aim to get 7-9 hours of sleep tonight.","reason":"Adequate sleep is essential for physical and mental recovery and overall well-being.","priority":"medium"}],"key_focus_areas":["nutrition","exercise"],"estimated_compliance_time_minutes":90}', 'gpt-4o', 0, '2025-07-30T21:31:12.868Z', false, '2025-08-01T21:47:23.617Z', NULL);
INSERT INTO ai_outputs_log (id, user_id, output_type, prompt, response, model_version, processing_time_ms, created_at, is_current, updated_at, system_id) VALUES (11, 1, 'daily_plan', 'Generate daily health plan', '{"plan_date":"2023-10-08","recommendations":[{"category":"nutrition","action":"Drink at least 8 cups of water throughout the day.","reason":"Staying hydrated is essential for overall health and can improve energy levels and brain function.","priority":"high"},{"category":"exercise","action":"Engage in at least 30 minutes of moderate-intensity exercise, such as brisk walking or cycling.","reason":"Regular physical activity helps maintain a healthy weight and reduces the risk of chronic diseases.","priority":"medium"},{"category":"sleep","action":"Aim to go to bed at a consistent time each night to get 7-9 hours of sleep.","reason":"Consistent sleep patterns can improve mood, memory, and overall health.","priority":"high"},{"category":"lifestyle","action":"Dedicate 10 minutes to mindfulness or meditation exercises to reduce stress and enhance mental well-being.","reason":"Mindfulness and meditation can help reduce stress and improve emotional health.","priority":"medium"}],"key_focus_areas":["hydration","sleep consistency"],"estimated_compliance_time_minutes":40}', 'gpt-4o', 0, '2025-07-30T20:08:12.017Z', false, '2025-08-01T21:47:23.617Z', NULL);
INSERT INTO ai_outputs_log (id, user_id, output_type, prompt, response, model_version, processing_time_ms, created_at, is_current, updated_at, system_id) VALUES (21, 1, 'system_insights', 'system_id:1', '{"system_status":"At Risk","summary_insight":"Several cardiovascular metrics indicate elevated risks, particularly due to high LDL cholesterol and overall cholesterol levels which may increase the risk for cardiovascular diseases.","out_of_range_metrics":[{"metric_name":"LDL Calculated","value_and_range":"151 mg/dL vs. 0–100 mg/dL","definition":"Low-density lipoprotein (LDL) cholesterol, often termed ''bad'' cholesterol, contributes to fatty buildups in arteries.","implication":"High levels of LDL cholesterol can increase the risk of cardiovascular diseases such as atherosclerosis, heart attacks, and strokes.","recommendations":"Consider dietary changes to lower saturated fat intake, increase physical activity, and discuss with a healthcare provider about cholesterol-lowering medications if necessary."},{"metric_name":"Cholesterol","value_and_range":"222 mg/dL vs. 0–100 mg/dL","definition":"Total cholesterol measures the overall amount of cholesterol in the blood, including LDL and HDL.","implication":"High total cholesterol is a risk factor for cardiovascular diseases as it indicates significant levels of LDL and other harmful cholesterol types.","recommendations":"Focus on a heart-healthy diet, regular physical exercise, and possibly pharmacological intervention as advised by a healthcare provider."},{"metric_name":"NON-HDL CHOLESTEROL","value_and_range":"174 mg/dL vs. 0–100 mg/dL","definition":"Non-HDL cholesterol includes all types of cholesterol except high-density lipoprotein (HDL), mainly LDL and VLDL.","implication":"Elevated non-HDL cholesterol levels suggest increased cardiovascular risk due to diverse forms of ''bad'' cholesterol.","recommendations":"Incorporate dietary adjustments, enhance physical exercise routines, and consult with a healthcare professional for further assessment."},{"metric_name":"LDL PARTICLES, TOTAL","value_and_range":"2144 nmol/L vs. 0–100 nmol/L","definition":"Total LDL particle number measures the concentration of LDL particles in the blood, which can help assess cardiovascular risk.","implication":"High LDL particle count can indicate smaller, denser LDL particles, which are more atherogenic and increase cardiovascular risk.","recommendations":"Adopt a heart-healthy lifestyle that includes a balanced diet and regular exercise, and consider discussing advanced lipid management with a healthcare provider."},{"metric_name":"Apolipoprotein B","value_and_range":"130 mg/dL vs. 0–100 mg/dL","definition":"Apolipoprotein B is a protein involved in the metabolism of lipids and is the main component of LDL and other atherogenic particles.","implication":"Elevated levels are associated with an increased risk of cardiovascular disease as it represents the number of atherogenic lipoprotein particles.","recommendations":"Lifestyle interventions such as dietary modification and increased physical activity, along with medical guidance, can help manage ApoB levels."}],"recommendations":["Adopt a diet low in saturated fats and high in fruits, vegetables, and whole grains.","Engage in at least 150 minutes of moderate aerobic activity or 75 minutes of vigorous activity each week.","Consult with a healthcare provider regarding the potential need for lipid-lowering medication.","Monitor lipid levels regularly to keep track of progress and adjust lifestyle accordingly.","Avoid smoking and limit alcohol intake to improve overall cardiovascular health."]}', 'gpt-4o', 0, '2025-07-31T17:02:11.446Z', false, '2025-08-01T21:47:23.617Z', 1);
INSERT INTO ai_outputs_log (id, user_id, output_type, prompt, response, model_version, processing_time_ms, created_at, is_current, updated_at, system_id) VALUES (20, 1, 'system_insights', 'system_id:1', '{"system_status":"At Risk","summary_insight":"The cardiovascular lab metrics indicate elevated LDL Calculated, NON-HDL CHOLESTEROL, and Cholesterol levels, suggesting potential concern for cardiovascular health. Monitoring and possible intervention are advisable to mitigate risks.","out_of_range_metrics":[{"metric_name":"LDL Calculated","value_and_range":"151 mg/dL vs. 0–100 mg/dL","definition":"Low-Density Lipoprotein (LDL) cholesterol is a type of cholesterol that can build up in the walls of blood vessels and increase cardiovascular risk.","implication":"Higher levels of LDL cholesterol can lead to atherosclerosis and increase the risk of heart disease.","recommendations":"Consider dietary changes to reduce saturated fats and cholesterol; consult a healthcare provider about the potential need for medication."},{"metric_name":"NON-HDL CHOLESTEROL","value_and_range":"174 mg/dL vs. 0–100 mg/dL","definition":"Non-HDL cholesterol represents all cholesterol contained in lipoprotein particles that can contribute to plaque buildup, including LDL.","implication":"Elevated non-HDL cholesterol levels are associated with an increased risk for cardiovascular disease.","recommendations":"Increase physical activity levels, and consider discussions with healthcare providers about personalized approaches for cholesterol management."},{"metric_name":"Cholesterol","value_and_range":"222 mg/dL vs. 0–100 mg/dL","definition":"Total cholesterol is the total amount of cholesterol in your blood, including LDL and HDL.","implication":"Elevated total cholesterol can indicate increased cardiovascular risk.","recommendations":"Implement lifestyle changes such as reducing dietary cholesterol intake and increasing fiber intake through fruits, vegetables, and whole grains."}],"recommendations":["Adopt a heart-healthy diet rich in omega-3 fatty acids, fruits, vegetables, and whole grains.","Engage in regular physical activity, aiming for at least 150 minutes of moderate aerobic exercise per week.","Limit the intake of saturated fats, trans fats, and added sugars.","Monitor lipid levels regularly and follow up with your healthcare provider for individual risk assessment.","Consider lifestyle modifications such as stress management and weight management if necessary."]}', 'gpt-4o', 0, '2025-07-31T16:47:43.980Z', false, '2025-08-01T21:47:23.617Z', 1);
INSERT INTO ai_outputs_log (id, user_id, output_type, prompt, response, model_version, processing_time_ms, created_at, is_current, updated_at, system_id) VALUES (33, 1, 'test_visual_integration', 'Testing visual studies integration', '{"test": "Integration test for visual studies in AI insights"}', 'test', 0, '2025-08-03T15:27:44.448Z', true, '2025-08-03T15:27:44.448Z', 12);
INSERT INTO ai_outputs_log (id, user_id, output_type, prompt, response, model_version, processing_time_ms, created_at, is_current, updated_at, system_id) VALUES (22, 1, 'system_insights', 'system_id:1', '{"system_status":"Optimal","summary_insight":"All cardiovascular metrics are within the specified normal range, suggesting a well-balanced cardiovascular health status.","out_of_range_metrics":[],"recommendations":["Maintain a balanced diet rich in fruits, vegetables, and whole grains to support cardiovascular health.","Engage in regular physical activity, such as walking, swimming, or cycling, for at least 150 minutes per week.","Monitor cardiovascular health with routine check-ups to ensure metrics remain within normal ranges."]}', 'gpt-4o', 0, '2025-07-31T17:11:55.257Z', false, '2025-08-01T21:47:23.617Z', 1);
INSERT INTO ai_outputs_log (id, user_id, output_type, prompt, response, model_version, processing_time_ms, created_at, is_current, updated_at, system_id) VALUES (18, 1, 'system_insights', 'system_id:1', '{"system_status":"Mild Concern","summary_insight":"The analyzed metrics for the cardiovascular system indicate a generally balanced profile with some slight concerns related to certain lipid levels, particularly elevated LDL levels. Most metrics fall within expected ranges, suggesting that while there is some area for improvement, the overall cardiovascular function might not be significantly compromised.","out_of_range_metrics":[{"metric_name":"LDL Calculated","value_and_range":"151 mg/dL vs. 0–100 mg/dL","definition":"Low-Density Lipoprotein (LDL) is a type of cholesterol often referred to as ''bad'' cholesterol due to its potential to build up in the walls of arteries, forming plaques.","implication":"An elevated LDL level is associated with an increased risk of atherosclerosis and cardiovascular diseases such as heart attack and stroke.","recommendations":"Consider adopting a heart-healthy diet low in saturated fats and trans fats, increasing physical activity, and potentially discussing statin therapy with a healthcare provider."},{"metric_name":"LDL PARTICLES, TOTAL","value_and_range":"2144 nmol/L vs. 0–100 nmol/L","definition":"Measures the number of LDL particles in the blood. Higher concentrations can be more atherogenic.","implication":"High LDL particle count is indicative of an increased risk for plaque build-up and cardiovascular disease.","recommendations":"Focus on dietary changes that improve lipid profiles, such as increasing fiber intake, and engage in regular exercise to help reduce particle count."},{"metric_name":"NON-HDL CHOLESTEROL","value_and_range":"174 mg/dL vs. 0–100 mg/dL","definition":"Total cholesterol minus HDL cholesterol; it includes all atherogenic lipid profiles.","implication":"Elevated non-HDL cholesterol levels can elevate the risk for cardiovascular events.","recommendations":"Implement lifestyle changes that include a balanced diet rich in unsaturated fats, regular exercise, and manage other cardiovascular risk factors, such as hypertension and diabetes."},{"metric_name":"Apolipoprotein B","value_and_range":"130 mg/dL vs. 0–100 mg/dL","definition":"A protein that is a component of all atherogenic lipoproteins, representing the concentration of LDL particles.","implication":"High Apolipoprotein B levels are associated with a higher risk for cardiovascular disease.","recommendations":"Monitor dietary intake, particularly focusing on lowering cholesterol and saturated fat intake to decrease ApoB levels, and consider medical advice on further interventions."}],"recommendations":["Adopt a diet rich in fruits, vegetables, whole grains, and healthy fats to improve lipid profiles.","Engage in at least 150 minutes of moderate-intensity aerobic exercise per week to enhance cardiovascular health.","Consider a regular screening plan for lipid levels to monitor changes over time.","If overweight, aim for gradual weight loss as sustained weight control can positively impact cholesterol levels.","Consult with a healthcare provider to assess the need for medication to manage cholesterol levels effectively."]}', 'gpt-4o', 0, '2025-07-31T12:49:18.454Z', false, '2025-08-01T21:47:23.617Z', 1);
INSERT INTO ai_outputs_log (id, user_id, output_type, prompt, response, model_version, processing_time_ms, created_at, is_current, updated_at, system_id) VALUES (14, 1, 'daily_plan', 'Generate daily health plan', '{"plan_date":"2023-10-05","recommendations":[{"category":"nutrition","action":"Eat a variety of colorful vegetables at every meal.","reason":"Increasing your intake of colorful vegetables ensures you''re getting a range of vitamins and minerals essential for overall health.","priority":"medium"},{"category":"exercise","action":"Engage in at least 30 minutes of moderate-intensity exercise, such as a brisk walk or cycling.","reason":"Regular physical activity reduces the risk of chronic diseases and improves mental health.","priority":"high"},{"category":"sleep","action":"Aim for 7-9 hours of uninterrupted sleep each night.","reason":"Adequate sleep is crucial for cognitive function, mood regulation, and overall physical health.","priority":"high"},{"category":"lifestyle","action":"Practice mindfulness meditation for at least 10 minutes daily.","reason":"Mindfulness can reduce stress, anxiety, and improve mental clarity and focus.","priority":"medium"}],"key_focus_areas":["improve overall wellness","reduce chronic disease risk"],"estimated_compliance_time_minutes":60}', 'gpt-4o', 0, '2025-07-30T21:13:33.176Z', false, '2025-08-01T21:47:23.617Z', NULL);
INSERT INTO ai_outputs_log (id, user_id, output_type, prompt, response, model_version, processing_time_ms, created_at, is_current, updated_at, system_id) VALUES (1, 1, 'system_insights', 'Generate insights for Cardiovascular system', '{"system_name":"Cardiovascular","overall_status":"good","key_findings":["All current cardiovascular blood metrics are within normal reference ranges.","Historical data shows stable red blood cell indices and hematocrit levels indicating stable hematological status."],"recommendations":[{"action":"Maintain regular cardiovascular health check-ups","rationale":"To ensure continued monitoring of cardiovascular health, especially as age-related risks may increase.","timeline":"long_term"},{"action":"Adopt a heart-healthy diet","rationale":"Dietary habits rich in fruits, vegetables, and low in saturated fats help maintain cardiovascular health.","timeline":"immediate"}],"trend_analysis":"stable","risk_factors":["Age","Potential lifestyle factors such as diet and physical activity level"],"next_steps":["Schedule annual cardiovascular screenings to monitor any changes.","Encourage regular physical activity to enhance cardiovascular health."]}', 'gpt-4o', 0, '2025-07-28T23:34:19.364Z', false, '2025-08-01T21:47:23.617Z', 1);
INSERT INTO ai_outputs_log (id, user_id, output_type, prompt, response, model_version, processing_time_ms, created_at, is_current, updated_at, system_id) VALUES (17, 1, 'system_insights', 'system_id:1', '{"system_status":"High Risk","summary_insight":"The cardiovascular system shows significant risk factors, primarily due to elevated LDL particles, small dense LDL, and overall cholesterol levels, indicating potential cardiovascular risk.","out_of_range_metrics":[{"metric_name":"LDL, SMALL","value_and_range":"333 nmol/L vs. 0–100 nmol/L","definition":"Low-density lipoprotein particles that are smaller and denser, which can more easily penetrate arterial walls and form plaques.","implication":"Elevated levels of small dense LDL particles are associated with a higher risk of atherosclerosis and cardiovascular diseases.","recommendations":"Implement dietary changes, such as reducing saturated and trans fats, and increase physical activity to help reduce LDL levels."},{"metric_name":"LDL PARTICLES, TOTAL","value_and_range":"2144 nmol/L vs. 0–100 nmol/L","definition":"Represents the total number of LDL particles in the blood.","implication":"A high total LDL particle count is linked to an increased risk of cardiovascular events due to its contribution to plaque buildup in arteries.","recommendations":"Consider consulting a healthcare professional about medications like statins, and maintain a heart-healthy lifestyle, inclusive of a balanced diet and regular exercise."},{"metric_name":"LDL, MEDIUM","value_and_range":"419 nmol/L vs. 0–100 nmol/L","definition":"Refers to the medium-sized LDL particles present in the blood.","implication":"Although medium LDL is less risky than small LDL, elevated levels still contribute to cardiovascular risks.","recommendations":"Include more omega-3 rich foods in your diet and maintain an active lifestyle."},{"metric_name":"Cholesterol","value_and_range":"222 mg/dL vs. 0–100 mg/dL","definition":"Total cholesterol encompasses LDL, HDL, and VLDL cholesterol in the blood.","implication":"Higher total cholesterol is a known risk factor for developing heart disease.","recommendations":"Limit dietary cholesterol and maintain regular health check-ups to monitor lipid levels."},{"metric_name":"Apolipoprotein B","value_and_range":"130 mg/dL vs. 0–100 mg/dL","definition":"Apolipoprotein B is a component of LDL particles, representing the number of those atherogenic particles.","implication":"Elevated ApoB is associated with an increased risk of cardiovascular disease.","recommendations":"Seek professional advice on lipid-lowering strategies and continue monitoring ApoB levels."},{"metric_name":"NON-HDL CHOLESTEROL","value_and_range":"174 mg/dL vs. 0–100 mg/dL","definition":"Non-HDL cholesterol includes all cholesterol fractions that are not HDL, serving as an indicator of atherogenic lipoproteins.","implication":"High non-HDL cholesterol suggests a higher likelihood of plaque formation in arteries.","recommendations":"Adopt dietary modifications targeting lipid reduction, and consider medical intervention if advised by a clinician."}],"recommendations":["Engage in physical activity for at least 150 minutes per week, focusing on cardiovascular exercises.","Adopt a heart-healthy diet rich in fruits, vegetables, lean proteins, and fibers, while minimizing sugars and saturated fats.","Monitor lipid levels regularly to assess response to lifestyle changes and interventions.","Discuss potential cholesterol-lowering medications with a healthcare provider if lifestyle modifications are insufficient."]}', 'gpt-4o', 0, '2025-07-31T12:27:52.782Z', false, '2025-08-01T21:47:23.617Z', 1);
INSERT INTO ai_outputs_log (id, user_id, output_type, prompt, response, model_version, processing_time_ms, created_at, is_current, updated_at, system_id) VALUES (6, 1, 'system_insights', 'Generate insights for Digestive system', '{"system_name":"Digestive","overall_status":"excellent","key_findings":["All metrics are within their respective reference ranges, indicating normal liver function and digestive health.","No outliers or concerning patterns are present in the provided metrics."],"recommendations":[{"action":"Maintain balanced diet with adequate hydration","rationale":"A balanced diet supports liver health and overall digestive function by providing necessary nutrients and preventing fatty liver conditions.","timeline":"long_term"},{"action":"Regular monitoring of liver enzymes","rationale":"Continued monitoring ensures early detection of any abnormalities, as liver enzyme levels can be an indicator of liver disease.","timeline":"short_term"}],"trend_analysis":"insufficient_data","risk_factors":["High alcohol consumption","Use of medications metabolized by the liver"],"next_steps":["Encourage lifestyle choices that support digestive health, such as regular exercise and stress management.","Schedule regular check-ups to track any changes in liver function over time."]}', 'gpt-4o', 0, '2025-07-29T09:39:07.828Z', true, '2025-07-30T20:59:20.299Z', 6);
INSERT INTO ai_outputs_log (id, user_id, output_type, prompt, response, model_version, processing_time_ms, created_at, is_current, updated_at, system_id) VALUES (3, 1, 'system_insights', 'Generate insights for Immune/Inflammation system', '{"system_name":"Immune/Inflammation","overall_status":"good","key_findings":["All cell percentages are within expected physiological ranges, with no significant outliers.","Absolute counts of immune cells such as neutrophils, lymphocytes, and others are within their respective reference ranges indicating balanced immune system function."],"recommendations":[{"action":"Maintain current lifestyle and diet","rationale":"The immune metrics fall within normal ranges, suggesting no signs of stress or abnormalities in the immune system.","timeline":"long_term"},{"action":"Regular monitoring of immune metrics","rationale":"To ensure ongoing immune health and early detection of any potential changes over time.","timeline":"short_term"}],"trend_analysis":"stable","risk_factors":["Potential environmental exposure or lifestyle changes that can affect immune function","Age-related changes in immune response"],"next_steps":["Continue with routine health check-ups to track the immune system parameters.","Consider incorporating immunohealth-promoting practices such as regular exercise, sufficient sleep, and stress management techniques."]}', 'gpt-4o', 0, '2025-07-28T23:34:30.469Z', false, '2025-07-31T18:59:11.347Z', 11);
INSERT INTO ai_outputs_log (id, user_id, output_type, prompt, response, model_version, processing_time_ms, created_at, is_current, updated_at, system_id) VALUES (28, 1, 'system_insights', 'system_id:1', '{"system_status":"High Risk","summary_insight":"The cardiovascular system metrics show significant abnormalities in lipid profiles, particularly concerning LDL levels, indicating a heightened risk for cardiovascular disease.","out_of_range_metrics":[{"metric_name":"LDL, Small","value_and_range":"333 nmol/L vs. 0–100 nmol/L","definition":"Measures the concentration of small, dense LDL particles in the blood, which are more atherogenic.","implication":"Elevated levels of small LDL particles are associated with an increased risk of plaque formation in arteries, leading to cardiovascular disease.","recommendations":"Consider lifestyle changes such as diet modification to reduce saturated fat and cholesterol intake, and increasing physical activity. Medical consultation for statin therapy could also be considered."},{"metric_name":"LDL, Small","value_and_range":"419 nmol/L vs. 0–100 nmol/L","definition":"Measures the concentration of small, dense LDL particles in the blood, which are more atherogenic.","implication":"Higher levels of small, dense LDL particles significantly increase the risk of atherosclerosis and cardiovascular events.","recommendations":"Implement dietary changes such as increasing fiber intake, weight management, and seek medical advice on potential pharmacotherapy."},{"metric_name":"LDL Calculated","value_and_range":"151 mg/dL vs. 0–100 mg/dL","definition":"Represents the estimated concentration of low-density lipoprotein cholesterol in the blood.","implication":"Elevated LDL cholesterol is a major risk factor for coronary artery disease.","recommendations":"Adopt a heart-healthy diet, increase physical activity, and consider medical evaluation for lipid-lowering therapy."},{"metric_name":"Total Cholesterol","value_and_range":"222 mg/dL vs. 0–100 mg/dL","definition":"Total amount of cholesterol in the blood, including LDL, HDL, and VLDL.","implication":"High total cholesterol can increase the risk of developing heart disease.","recommendations":"Reduce dietary cholesterol and saturated fats, increase physical activity, and possibly consult a healthcare provider for further assessment."},{"metric_name":"Apolipoprotein B","value_and_range":"130 mg/dL vs. 0–100 mg/dL","definition":"Measures the concentration of apolipoprotein B, which is a component of LDL and indicates the number of potentially harmful lipoprotein particles.","implication":"Increased levels suggest a higher cardiovascular risk due to a higher number of atherogenic particles.","recommendations":"Engage in lifestyle modifications such as increasing dietary fiber and plant sterols, and consider medical management strategies."}],"recommendations":["Adopt a heart-healthy diet rich in fruits, vegetables, whole grains, and lean proteins.","Increase physical activity to at least 150 minutes of moderate exercise per week.","Consult with a healthcare provider to discuss potential lipid-lowering medications.","Reduce intake of saturated fats and trans fats to lower LDL cholesterol levels.","Increase dietary fiber intake to help improve lipid profiles."]}', 'gpt-4o', 0, '2025-08-01T21:15:53.877Z', false, '2025-08-01T21:47:23.617Z', 1);
INSERT INTO ai_outputs_log (id, user_id, output_type, prompt, response, model_version, processing_time_ms, created_at, is_current, updated_at, system_id) VALUES (30, 1, 'system_insights', 'system_id:1', '{"system_status":"High Risk","summary_insight":"The cardiovascular profile indicates a high risk primarily due to significantly elevated small LDL particles and total LDL particles, which are associated with an increased risk of atherosclerosis and cardiovascular disease. Additionally, cholesterol levels are elevated beyond recommended ranges.","out_of_range_metrics":[{"metric_name":"LDL, Small","value_and_range":"333 nmol/L vs. 0–100 nmol/L","definition":"Measures the concentration of small low-density lipoprotein particles, which are considered more atherogenic.","implication":"Elevated levels are associated with an increased risk of plaque buildup and cardiovascular events.","recommendations":"Consider lifestyle changes such as increased physical activity, dietary adjustments to reduce saturated fats, and possibly consulting a healthcare provider for medication."},{"metric_name":"LDL, Small","value_and_range":"419 nmol/L vs. 0–100 nmol/L","definition":"Measures the concentration of small low-density lipoprotein particles, which are considered more atherogenic.","implication":"Persistently high levels further increase cardiovascular risk beyond current thresholds.","recommendations":"Re-evaluate lifestyle modifications, consider medication options, and follow up with regular monitoring."},{"metric_name":"LDL Particles, Total","value_and_range":"2144 nmol/L vs. 0–100 nmol/L","definition":"Indicates the total concentration of low-density lipoprotein particles in the blood.","implication":"High total LDL particle number is a predictor of atherosclerotic disease.","recommendations":"Implement dietary changes to increase soluble fiber and plant sterols, consider medication, and have regular cardiovascular assessments."},{"metric_name":"Cholesterol","value_and_range":"222 mg/dL vs. 0–100 mg/dL","definition":"Total amount of cholesterol in the blood, including LDL, HDL, and VLDL.","implication":"Elevated total cholesterol can lead to plaque formation in arteries.","recommendations":"Reduce intake of cholesterol-rich foods, increase physical activity, and consider medical intervention if lifestyle adjustments are insufficient."},{"metric_name":"NON-HDL CHOLESTEROL","value_and_range":"174 mg/dL vs. 0–100 mg/dL","definition":"Measures total cholesterol minus HDL, indicating all atherogenic lipoproteins.","implication":"High levels reflect increased cardiovascular risk due to excess atherogenic particles.","recommendations":"Focus on weight management, dietary interventions to lower bad cholesterol, and increase high-intensity exercise."}],"recommendations":["Consult with a healthcare provider to discuss potential pharmacological intervention to manage lipid levels.","Implement a heart-healthy diet focusing on fruits, vegetables, whole grains, and healthy fats.","Increase physical activity to at least 150 minutes of moderate exercise or 75 minutes of vigorous exercise weekly.","Consider regular monitoring of lipid panels to track progress and adjust treatment plans as necessary."]}', 'gpt-4o', 0, '2025-08-01T21:35:59.498Z', false, '2025-08-01T21:47:23.617Z', 1);
INSERT INTO ai_outputs_log (id, user_id, output_type, prompt, response, model_version, processing_time_ms, created_at, is_current, updated_at, system_id) VALUES (13, 1, 'daily_plan', 'Generate daily health plan', '{"plan_date":"2023-10-18","recommendations":[{"category":"nutrition","action":"Consume at least 5 servings of fruits and vegetables throughout the day, focusing on a variety of colors to ensure a range of nutrients.","reason":"This helps provide essential vitamins, minerals, and fiber, contributing to overall health and reducing the risk of chronic diseases.","priority":"high"},{"category":"exercise","action":"Engage in at least 30 minutes of moderate-intensity aerobic activity, such as brisk walking or cycling.","reason":"Regular physical activity improves cardiovascular health, enhances mood, and helps maintain a healthy weight.","priority":"high"},{"category":"sleep","action":"Aim for 7-9 hours of sleep, setting a consistent bedtime and wake-up time.","reason":"Adequate sleep is essential for cognitive function, mood regulation, and overall health.","priority":"medium"}],"key_focus_areas":["nutrition","exercise","sleep"],"estimated_compliance_time_minutes":60}', 'gpt-4o', 0, '2025-07-30T20:37:16.713Z', false, '2025-08-01T21:47:23.617Z', NULL);
INSERT INTO ai_outputs_log (id, user_id, output_type, prompt, response, model_version, processing_time_ms, created_at, is_current, updated_at, system_id) VALUES (16, 1, 'daily_plan', 'Generate daily health plan', '{"plan_date":"2025-07-29","recommendations":[{"category":"nutrition","action":"Increase consumption of soluble fiber by adding foods like oats, beans, and fruits such as apples and pears to meals.","reason":"Soluble fiber can help reduce LDL cholesterol levels, which are currently above the recommended range.","priority":"high"},{"category":"exercise","action":"Engage in at least 150 minutes of moderate aerobic exercise, such as brisk walking, per week.","reason":"Regular aerobic exercise can effectively lower LDL cholesterol levels and improve cardiovascular health.","priority":"high"},{"category":"lifestyle","action":"Incorporate stress-reduction techniques such as meditation or yoga for 15-20 minutes daily.","reason":"Stress management can help improve heart health and potentially lower LDL cholesterol.","priority":"medium"},{"category":"nutrition","action":"Limit intake of saturated fats by choosing lean meats and low-fat dairy products.","reason":"Reducing saturated fat intake can help lower cholesterol levels, particularly LDL cholesterol.","priority":"high"},{"category":"sleep","action":"Ensure 7-9 hours of quality sleep each night.","reason":"Adequate sleep is vital for overall cardiovascular health and managing inflammation.","priority":"medium"}],"key_focus_areas":["Lowering LDL cholesterol","Improving cardiovascular health"],"estimated_compliance_time_minutes":90}', 'gpt-4o', 0, '2025-07-30T22:03:21.666Z', false, '2025-08-01T21:47:23.617Z', NULL);
INSERT INTO ai_outputs_log (id, user_id, output_type, prompt, response, model_version, processing_time_ms, created_at, is_current, updated_at, system_id) VALUES (10, 1, 'daily_plan', 'Generate daily health plan', '{"plan_date":"2023-10-23","recommendations":[{"category":"nutrition","action":"Include at least 5 servings of fruits and vegetables in your daily diet.","reason":"Consuming a variety of fruits and vegetables provides essential nutrients and supports overall health.","priority":"high"},{"category":"exercise","action":"Engage in 30 minutes of moderate physical activity, such as brisk walking or cycling.","reason":"Regular physical activity helps improve cardiovascular health and boosts mood.","priority":"high"},{"category":"sleep","action":"Aim for 7-8 hours of quality sleep each night. Try a consistent sleep schedule by going to bed and waking up at the same time each day.","reason":"Adequate sleep is crucial for mental and physical well-being, and helps improve concentration and mood.","priority":"medium"}],"key_focus_areas":["nutrition","exercise"],"estimated_compliance_time_minutes":90}', 'gpt-4o', 0, '2025-07-30T19:52:23.935Z', false, '2025-08-01T21:47:23.617Z', NULL);
INSERT INTO ai_outputs_log (id, user_id, output_type, prompt, response, model_version, processing_time_ms, created_at, is_current, updated_at, system_id) VALUES (31, 1, 'system_insights', 'system_id:1', '{"system_status":"High Risk","summary_insight":"The cardiovascular system''s metrics indicate a high risk due to significantly elevated levels of small LDL particles and cholesterol, which are associated with increased cardiovascular disease risk.","out_of_range_metrics":[{"metric_name":"LDL, Small","value_and_range":"333 nmol/L vs. 0–100 nmol/L","definition":"Measures the concentration of small, dense low-density lipoprotein particles in the blood.","implication":"Elevated levels are associated with a higher risk of atherosclerosis due to their propensity to infiltrate the arterial wall.","recommendations":"Consider diet modification to reduce saturated fat, increase fiber intake, and consult a healthcare provider for potential pharmacological interventions."},{"metric_name":"LDL, Small","value_and_range":"419 nmol/L vs. 0–100 nmol/L","definition":"Measures the concentration of small, dense low-density lipoprotein particles in the blood.","implication":"Persistently high levels significantly increase the risk of cardiovascular events due to endothelial damage and plaque formation.","recommendations":"Implement lifestyle changes such as regular aerobic exercise, quit smoking, and consult with a healthcare provider regarding statins or other lipid-lowering therapies."},{"metric_name":"Cholesterol","value_and_range":"222 mg/dL vs. 0–100 mg/dL","definition":"Total cholesterol includes all cholesterol in the blood - LDL, HDL, and VLDL.","implication":"A high total cholesterol can indicate a higher risk for coronary artery disease.","recommendations":"Reduce dietary intake of cholesterol-rich foods, increase physical activity, and follow regular monitoring of lipid levels."},{"metric_name":"NON-HDL CHOLESTEROL","value_and_range":"174 mg/dL vs. 0–100 mg/dL","definition":"Calculates total cholesterol minus HDL cholesterol, reflecting all atherogenic cholesterol particles.","implication":"High levels are associated with an increased risk of cardiovascular disease.","recommendations":"Focus on improving HDL levels through exercise and dietary adjustments, consult healthcare provider for individualized treatment plan."},{"metric_name":"LDL Calculated","value_and_range":"151 mg/dL vs. 0–100 mg/dL","definition":"Calculates low-density lipoprotein cholesterol based on total cholesterol, HDL cholesterol, and triglycerides.","implication":"Elevated LDL levels increase the risk of plaque formation and cardiovascular disease.","recommendations":"Adopt a heart-healthy diet, engage in regular physical activity, and discuss with your healthcare provider the possibility of cholesterol-lowering medications."}],"recommendations":["Adopt a heart-healthy diet rich in fruits, vegetables, and whole grains.","Engage in regular aerobic exercise for at least 150 minutes per week.","Limit intake of saturated fats and trans fats.","Monitor cholesterol levels regularly and consult a healthcare provider for personalized treatment.","Consider weight management strategies to maintain a healthy body weight."]}', 'gpt-4o', 0, '2025-08-01T21:39:40.074Z', false, '2025-08-01T21:47:23.617Z', 1);

-- Table: daily_plans
-- Columns: 6
-- Rows: 0

-- Table: health_systems
-- Columns: 4
-- Rows: 13

-- Data for health_systems
INSERT INTO health_systems (id, name, description, created_at) VALUES (1, 'Cardiovascular', 'Heart and blood vessel health', '2025-07-28T23:15:03.325Z');
INSERT INTO health_systems (id, name, description, created_at) VALUES (2, 'Nervous/Brain', 'Cognitive and neurological function', '2025-07-28T23:15:03.391Z');
INSERT INTO health_systems (id, name, description, created_at) VALUES (3, 'Respiratory', 'Lung and breathing function', '2025-07-28T23:15:03.457Z');
INSERT INTO health_systems (id, name, description, created_at) VALUES (4, 'Muscular', 'Muscle mass and strength', '2025-07-28T23:15:03.523Z');
INSERT INTO health_systems (id, name, description, created_at) VALUES (5, 'Skeletal', 'Bone health and density', '2025-07-28T23:15:03.588Z');
INSERT INTO health_systems (id, name, description, created_at) VALUES (6, 'Digestive', 'Gut health and liver function', '2025-07-28T23:15:03.654Z');
INSERT INTO health_systems (id, name, description, created_at) VALUES (7, 'Endocrine', 'Hormone regulation and metabolism', '2025-07-28T23:15:03.719Z');
INSERT INTO health_systems (id, name, description, created_at) VALUES (8, 'Urinary', 'Kidney and urinary function', '2025-07-28T23:15:03.784Z');
INSERT INTO health_systems (id, name, description, created_at) VALUES (9, 'Reproductive', 'Reproductive hormone health', '2025-07-28T23:15:03.850Z');
INSERT INTO health_systems (id, name, description, created_at) VALUES (10, 'Integumentary', 'Skin, hair, and nail health', '2025-07-28T23:15:03.915Z');
INSERT INTO health_systems (id, name, description, created_at) VALUES (11, 'Immune/Inflammation', 'Immune system and inflammation markers', '2025-07-28T23:15:03.981Z');
INSERT INTO health_systems (id, name, description, created_at) VALUES (12, 'Sensory', 'Vision, hearing, and sensory function', '2025-07-28T23:15:04.047Z');
INSERT INTO health_systems (id, name, description, created_at) VALUES (13, 'Biological Age', 'Cellular aging and longevity markers', '2025-07-28T23:15:04.112Z');

-- Table: imaging_studies
-- Columns: 14
-- Rows: 7

-- Data for imaging_studies
INSERT INTO imaging_studies (id, user_id, linked_system_id, study_type, file_url, thumbnail_url, test_date, ai_summary, metrics_json, comparison_summary, metric_changes_json, status, created_at, updated_at) VALUES (1, 1, NULL, 'chest x-ray', 'uploads/1754088088620-test_xray_visual.png', 'uploads/thumbnails/thumb_1754088088620-test_xray_visual.jpg', '2025-01-01T00:00:00.000Z', 'The chest X-ray shows a normal cardiac silhouette and clear lung fields. Heart size is normal with a cardiothoracic ratio of 0.45.', [object Object], NULL, NULL, 'processed', '2025-08-01T22:41:32.967Z', '2025-08-01T22:41:32.967Z');
INSERT INTO imaging_studies (id, user_id, linked_system_id, study_type, file_url, thumbnail_url, test_date, ai_summary, metrics_json, comparison_summary, metric_changes_json, status, created_at, updated_at) VALUES (2, 1, NULL, 'chest x-ray', 'uploads/1754088123178-test_xray_visual.png', 'uploads/thumbnails/thumb_1754088123178-test_xray_visual.jpg', '2025-01-01T00:00:00.000Z', 'The chest X-ray shows a normal cardiac silhouette and clear lung fields. Heart size is normal with a cardiothoracic ratio of 0.45.', [object Object], 'Comparison analysis unavailable', , 'processed', '2025-08-01T22:42:09.605Z', '2025-08-01T22:42:11.634Z');
INSERT INTO imaging_studies (id, user_id, linked_system_id, study_type, file_url, thumbnail_url, test_date, ai_summary, metrics_json, comparison_summary, metric_changes_json, status, created_at, updated_at) VALUES (3, 1, 12, 'eye_topography', 'uploads/1754088287772-keratometry exam nov 2024 1.jpeg', 'uploads/thumbnails/thumb_1754088287772-keratometry exam nov 2024 1.jpg', '2024-11-15T00:00:00.000Z', 'The keratometry exam shows regular astigmatism with a central corneal power of 46.26 D. Refractive power is measured at 53.05 D, suggesting the need for corrective lenses.', [object Object],[object Object],[object Object],[object Object],[object Object],[object Object], NULL, NULL, 'processed', '2025-08-01T22:44:56.646Z', '2025-08-01T22:44:56.646Z');
INSERT INTO imaging_studies (id, user_id, linked_system_id, study_type, file_url, thumbnail_url, test_date, ai_summary, metrics_json, comparison_summary, metric_changes_json, status, created_at, updated_at) VALUES (4, 1, 12, 'eye_topography', 'uploads/1754088667017-keramotery exam 2.jpeg', 'uploads/thumbnails/thumb_1754088667017-keramotery exam 2.jpg', '2024-11-15T00:00:00.000Z', 'The eye topography study reveals central corneal steepening and astigmatism, with significant keratometric values indicating potential keratoconus.', [object Object],[object Object],[object Object],[object Object],[object Object],[object Object], 'Comparison analysis unavailable', , 'processed', '2025-08-01T22:51:13.271Z', '2025-08-01T22:51:21.610Z');
INSERT INTO imaging_studies (id, user_id, linked_system_id, study_type, file_url, thumbnail_url, test_date, ai_summary, metrics_json, comparison_summary, metric_changes_json, status, created_at, updated_at) VALUES (5, 1, 12, 'eye_topography', 'uploads/keramotery-8-5-2022-HUSSAIN.ADIL.OS.pdf', NULL, '2022-08-05T00:00:00.000Z', 'Comprehensive keratometry exam showing significant corneal measurements including SimK values of 46.62D with astigmatism of 3.49D. Pachymetry readings indicate central thickness of 502μm with thinnest point at 475μm.', [object Object],[object Object],[object Object],[object Object],[object Object],[object Object],[object Object],[object Object], NULL, NULL, 'processed', '2025-08-01T23:04:04.000Z', '2025-08-01T23:08:40.205Z');
INSERT INTO imaging_studies (id, user_id, linked_system_id, study_type, file_url, thumbnail_url, test_date, ai_summary, metrics_json, comparison_summary, metric_changes_json, status, created_at, updated_at) VALUES (6, 1, 12, 'eye_topography', 'uploads/keratometry-8-5-2022-p1.OD.pdf', NULL, '2022-08-05T00:00:00.000Z', 'Detailed keratometry analysis revealing elevated SimK values of 49.85D with high astigmatism of 5.51D. Pachymetry shows thinner cornea at 457μm, with Keratoconus Probability Index at 100% suggesting potential keratoconus.', [object Object],[object Object],[object Object],[object Object],[object Object],[object Object],[object Object],[object Object], NULL, NULL, 'processed', '2025-08-01T23:04:39.000Z', '2025-08-01T23:08:45.346Z');
INSERT INTO imaging_studies (id, user_id, linked_system_id, study_type, file_url, thumbnail_url, test_date, ai_summary, metrics_json, comparison_summary, metric_changes_json, status, created_at, updated_at) VALUES (7, 1, 12, 'keratometry', 'uploads/1754235141035-keramotery exam 11-15-2024.jpeg', 'uploads/thumbnails/thumb_1754235141035-keramotery exam 11-15-2024.jpg', '2024-11-15T00:00:00.000Z', 'The keratometry exam shows regular astigmatism with normal corneal curvature. Measurements indicate a steep K of 45.12 D and a flat K of 42.62 D.', [object Object],[object Object],[object Object],[object Object],[object Object],[object Object], NULL, NULL, 'processed', '2025-08-03T15:32:31.220Z', '2025-08-03T15:32:31.220Z');

-- Table: metrics
-- Columns: 12
-- Rows: 99

-- Data for metrics
INSERT INTO metrics (id, user_id, upload_id, system_id, metric_name, metric_value, metric_unit, reference_range, is_key_metric, is_outlier, test_date, created_at) VALUES (283, 1, 20, 1, 'CHOLESTEROL, TOTAL', '200', 'mg/dL', '<200 mg/dL', false, false, '2023-12-22T00:00:00.000Z', '2025-08-17T13:18:08.530Z');
INSERT INTO metrics (id, user_id, upload_id, system_id, metric_name, metric_value, metric_unit, reference_range, is_key_metric, is_outlier, test_date, created_at) VALUES (284, 1, 20, 1, 'HDL CHOLESTEROL', '56', 'mg/dL', '>=40 mg/dL', false, false, '2023-12-22T00:00:00.000Z', '2025-08-17T13:18:08.599Z');
INSERT INTO metrics (id, user_id, upload_id, system_id, metric_name, metric_value, metric_unit, reference_range, is_key_metric, is_outlier, test_date, created_at) VALUES (285, 1, 20, 1, 'TRIGLYCERIDES', '126', 'mg/dL', '<150 mg/dL', false, false, '2023-12-22T00:00:00.000Z', '2025-08-17T13:18:08.665Z');
INSERT INTO metrics (id, user_id, upload_id, system_id, metric_name, metric_value, metric_unit, reference_range, is_key_metric, is_outlier, test_date, created_at) VALUES (286, 1, 20, 1, 'LDL-CHOLESTEROL', '120', 'mg/dL', '<100 mg/dL', true, false, '2023-12-22T00:00:00.000Z', '2025-08-17T13:18:08.732Z');
INSERT INTO metrics (id, user_id, upload_id, system_id, metric_name, metric_value, metric_unit, reference_range, is_key_metric, is_outlier, test_date, created_at) VALUES (287, 1, 20, 1, 'CHOL/HDLC RATIO', '3.6', NULL, '<5.0', false, false, '2023-12-22T00:00:00.000Z', '2025-08-17T13:18:08.797Z');
INSERT INTO metrics (id, user_id, upload_id, system_id, metric_name, metric_value, metric_unit, reference_range, is_key_metric, is_outlier, test_date, created_at) VALUES (288, 1, 20, 1, 'NON HDL CHOLESTEROL', '144', 'mg/dL', '<130 mg/dL', false, false, '2023-12-22T00:00:00.000Z', '2025-08-17T13:18:08.863Z');
INSERT INTO metrics (id, user_id, upload_id, system_id, metric_name, metric_value, metric_unit, reference_range, is_key_metric, is_outlier, test_date, created_at) VALUES (289, 1, 20, 7, 'GLUCOSE', '78', 'mg/dL', '65-99 mg/dL', true, false, '2023-12-22T00:00:00.000Z', '2025-08-17T13:18:08.930Z');
INSERT INTO metrics (id, user_id, upload_id, system_id, metric_name, metric_value, metric_unit, reference_range, is_key_metric, is_outlier, test_date, created_at) VALUES (290, 1, 20, 8, 'UREA NITROGEN (BUN)', '16', 'mg/dL', '7-25 mg/dL', true, false, '2023-12-22T00:00:00.000Z', '2025-08-17T13:18:08.997Z');
INSERT INTO metrics (id, user_id, upload_id, system_id, metric_name, metric_value, metric_unit, reference_range, is_key_metric, is_outlier, test_date, created_at) VALUES (291, 1, 20, 8, 'CREATININE', '1.14', 'mg/dL', '0.60-1.29 mg/dL', true, false, '2023-12-22T00:00:00.000Z', '2025-08-17T13:18:09.064Z');
INSERT INTO metrics (id, user_id, upload_id, system_id, metric_name, metric_value, metric_unit, reference_range, is_key_metric, is_outlier, test_date, created_at) VALUES (292, 1, 20, 8, 'EGFR', '82', 'mL/min/1.73m2', '>=60 mL/min/1.73m2', true, false, '2023-12-22T00:00:00.000Z', '2025-08-17T13:18:09.129Z');
INSERT INTO metrics (id, user_id, upload_id, system_id, metric_name, metric_value, metric_unit, reference_range, is_key_metric, is_outlier, test_date, created_at) VALUES (293, 1, 20, 8, 'SODIUM', '138', 'mmol/L', '135-146 mmol/L', false, false, '2023-12-22T00:00:00.000Z', '2025-08-17T13:18:09.195Z');
INSERT INTO metrics (id, user_id, upload_id, system_id, metric_name, metric_value, metric_unit, reference_range, is_key_metric, is_outlier, test_date, created_at) VALUES (294, 1, 20, 8, 'POTASSIUM', '4.2', 'mmol/L', '3.5-5.3 mmol/L', false, false, '2023-12-22T00:00:00.000Z', '2025-08-17T13:18:09.262Z');
INSERT INTO metrics (id, user_id, upload_id, system_id, metric_name, metric_value, metric_unit, reference_range, is_key_metric, is_outlier, test_date, created_at) VALUES (295, 1, 20, 8, 'CHLORIDE', '103', 'mmol/L', '98-110 mmol/L', false, false, '2023-12-22T00:00:00.000Z', '2025-08-17T13:18:09.328Z');
INSERT INTO metrics (id, user_id, upload_id, system_id, metric_name, metric_value, metric_unit, reference_range, is_key_metric, is_outlier, test_date, created_at) VALUES (296, 1, 20, 3, 'CARBON DIOXIDE', '27', 'mmol/L', '20-32 mmol/L', false, false, '2023-12-22T00:00:00.000Z', '2025-08-17T13:18:09.394Z');
INSERT INTO metrics (id, user_id, upload_id, system_id, metric_name, metric_value, metric_unit, reference_range, is_key_metric, is_outlier, test_date, created_at) VALUES (297, 1, 20, 5, 'CALCIUM', '9.2', 'mg/dL', '8.6-10.3 mg/dL', false, false, '2023-12-22T00:00:00.000Z', '2025-08-17T13:18:09.461Z');
INSERT INTO metrics (id, user_id, upload_id, system_id, metric_name, metric_value, metric_unit, reference_range, is_key_metric, is_outlier, test_date, created_at) VALUES (298, 1, 20, 8, 'PROTEIN, TOTAL', '7.2', 'g/dL', '6.1-8.1 g/dL', false, false, '2023-12-22T00:00:00.000Z', '2025-08-17T13:18:09.526Z');
INSERT INTO metrics (id, user_id, upload_id, system_id, metric_name, metric_value, metric_unit, reference_range, is_key_metric, is_outlier, test_date, created_at) VALUES (299, 1, 20, 6, 'ALBUMIN', '4.5', 'g/dL', '3.6-5.1 g/dL', false, false, '2023-12-22T00:00:00.000Z', '2025-08-17T13:18:09.592Z');
INSERT INTO metrics (id, user_id, upload_id, system_id, metric_name, metric_value, metric_unit, reference_range, is_key_metric, is_outlier, test_date, created_at) VALUES (300, 1, 20, 11, 'GLOBULIN', '2.7', 'g/dL', '1.9-3.7 g/dL', false, false, '2023-12-22T00:00:00.000Z', '2025-08-17T13:18:09.658Z');
INSERT INTO metrics (id, user_id, upload_id, system_id, metric_name, metric_value, metric_unit, reference_range, is_key_metric, is_outlier, test_date, created_at) VALUES (301, 1, 20, 6, 'ALBUMIN/GLOBULIN RATIO', '1.7', NULL, '1.0-2.5', false, false, '2023-12-22T00:00:00.000Z', '2025-08-17T13:18:09.725Z');
INSERT INTO metrics (id, user_id, upload_id, system_id, metric_name, metric_value, metric_unit, reference_range, is_key_metric, is_outlier, test_date, created_at) VALUES (302, 1, 20, 6, 'BILIRUBIN, TOTAL', '0.5', 'mg/dL', '0.2-1.2 mg/dL', false, false, '2023-12-22T00:00:00.000Z', '2025-08-17T13:18:09.791Z');
INSERT INTO metrics (id, user_id, upload_id, system_id, metric_name, metric_value, metric_unit, reference_range, is_key_metric, is_outlier, test_date, created_at) VALUES (303, 1, 20, 6, 'ALKALINE PHOSPHATASE', '53', 'U/L', '36-130 U/L', false, false, '2023-12-22T00:00:00.000Z', '2025-08-17T13:18:09.857Z');
INSERT INTO metrics (id, user_id, upload_id, system_id, metric_name, metric_value, metric_unit, reference_range, is_key_metric, is_outlier, test_date, created_at) VALUES (304, 1, 20, 6, 'AST', '21', 'U/L', '10-40 U/L', true, false, '2023-12-22T00:00:00.000Z', '2025-08-17T13:18:09.922Z');
INSERT INTO metrics (id, user_id, upload_id, system_id, metric_name, metric_value, metric_unit, reference_range, is_key_metric, is_outlier, test_date, created_at) VALUES (305, 1, 20, 6, 'ALT', '41', 'U/L', '9-46 U/L', true, false, '2023-12-22T00:00:00.000Z', '2025-08-17T13:18:09.989Z');
INSERT INTO metrics (id, user_id, upload_id, system_id, metric_name, metric_value, metric_unit, reference_range, is_key_metric, is_outlier, test_date, created_at) VALUES (306, 1, 20, 8, 'LIPOPROTEIN (a)', '12', 'nmol/L', '<75 nmol/L', false, false, '2023-12-22T00:00:00.000Z', '2025-08-17T13:18:10.054Z');
INSERT INTO metrics (id, user_id, upload_id, system_id, metric_name, metric_value, metric_unit, reference_range, is_key_metric, is_outlier, test_date, created_at) VALUES (307, 1, 20, 7, 'HEMOGLOBIN A1c', '5.3', '%', '<5.7 %', false, false, '2023-12-22T00:00:00.000Z', '2025-08-17T13:18:10.120Z');
INSERT INTO metrics (id, user_id, upload_id, system_id, metric_name, metric_value, metric_unit, reference_range, is_key_metric, is_outlier, test_date, created_at) VALUES (308, 1, 20, 7, 'TSH', '1.8', 'mIU/L', '0.40-4.50 mIU/L', true, false, '2023-12-22T00:00:00.000Z', '2025-08-17T13:18:10.186Z');
INSERT INTO metrics (id, user_id, upload_id, system_id, metric_name, metric_value, metric_unit, reference_range, is_key_metric, is_outlier, test_date, created_at) VALUES (309, 1, 20, 11, 'WHITE BLOOD CELL COUNT', '7', 'Thousand/uL', '3.8-10.8 Thousand/uL', false, false, '2023-12-22T00:00:00.000Z', '2025-08-17T13:18:10.252Z');
INSERT INTO metrics (id, user_id, upload_id, system_id, metric_name, metric_value, metric_unit, reference_range, is_key_metric, is_outlier, test_date, created_at) VALUES (310, 1, 20, 11, 'RED BLOOD CELL COUNT', '4.85', 'Million/uL', '4.20-5.80 Million/uL', false, false, '2023-12-22T00:00:00.000Z', '2025-08-17T13:18:10.318Z');
INSERT INTO metrics (id, user_id, upload_id, system_id, metric_name, metric_value, metric_unit, reference_range, is_key_metric, is_outlier, test_date, created_at) VALUES (311, 1, 20, 7, 'HEMOGLOBIN', '13.9', 'g/dL', '13.2-17.1 g/dL', false, false, '2023-12-22T00:00:00.000Z', '2025-08-17T13:18:10.383Z');
INSERT INTO metrics (id, user_id, upload_id, system_id, metric_name, metric_value, metric_unit, reference_range, is_key_metric, is_outlier, test_date, created_at) VALUES (312, 1, 20, 11, 'HEMATOCRIT', '40.1', '%', '38.5-50.0 %', false, false, '2023-12-22T00:00:00.000Z', '2025-08-17T13:18:10.449Z');
INSERT INTO metrics (id, user_id, upload_id, system_id, metric_name, metric_value, metric_unit, reference_range, is_key_metric, is_outlier, test_date, created_at) VALUES (313, 1, 20, 11, 'MCV', '82.7', 'fL', '80.0-100.0 fL', false, false, '2023-12-22T00:00:00.000Z', '2025-08-17T13:18:10.515Z');
INSERT INTO metrics (id, user_id, upload_id, system_id, metric_name, metric_value, metric_unit, reference_range, is_key_metric, is_outlier, test_date, created_at) VALUES (314, 1, 20, 11, 'MCH', '28.7', 'pg', '27.0-33.0 pg', false, false, '2023-12-22T00:00:00.000Z', '2025-08-17T13:18:10.581Z');
INSERT INTO metrics (id, user_id, upload_id, system_id, metric_name, metric_value, metric_unit, reference_range, is_key_metric, is_outlier, test_date, created_at) VALUES (315, 1, 20, 11, 'MCHC', '34.7', 'g/dL', '32.0-36.0 g/dL', false, false, '2023-12-22T00:00:00.000Z', '2025-08-17T13:18:10.647Z');
INSERT INTO metrics (id, user_id, upload_id, system_id, metric_name, metric_value, metric_unit, reference_range, is_key_metric, is_outlier, test_date, created_at) VALUES (316, 1, 20, 11, 'RDW', '13.4', '%', '11.0-15.0 %', false, false, '2023-12-22T00:00:00.000Z', '2025-08-17T13:18:10.712Z');
INSERT INTO metrics (id, user_id, upload_id, system_id, metric_name, metric_value, metric_unit, reference_range, is_key_metric, is_outlier, test_date, created_at) VALUES (317, 1, 20, 11, 'PLATELET COUNT', '203', 'Thousand/uL', '140-400 Thousand/uL', false, false, '2023-12-22T00:00:00.000Z', '2025-08-17T13:18:10.777Z');
INSERT INTO metrics (id, user_id, upload_id, system_id, metric_name, metric_value, metric_unit, reference_range, is_key_metric, is_outlier, test_date, created_at) VALUES (318, 1, 20, 11, 'MPV', '10.1', 'fL', '7.5-12.5 fL', false, false, '2023-12-22T00:00:00.000Z', '2025-08-17T13:18:10.843Z');
INSERT INTO metrics (id, user_id, upload_id, system_id, metric_name, metric_value, metric_unit, reference_range, is_key_metric, is_outlier, test_date, created_at) VALUES (319, 1, 20, 11, 'ABSOLUTE NEUTROPHILS', '5117', 'cells/uL', '1500-7800 cells/uL', false, false, '2023-12-22T00:00:00.000Z', '2025-08-17T13:18:10.909Z');
INSERT INTO metrics (id, user_id, upload_id, system_id, metric_name, metric_value, metric_unit, reference_range, is_key_metric, is_outlier, test_date, created_at) VALUES (320, 1, 20, 11, 'ABSOLUTE LYMPHOCYTES', '1169', 'cells/uL', '850-3900 cells/uL', false, false, '2023-12-22T00:00:00.000Z', '2025-08-17T13:18:10.975Z');
INSERT INTO metrics (id, user_id, upload_id, system_id, metric_name, metric_value, metric_unit, reference_range, is_key_metric, is_outlier, test_date, created_at) VALUES (321, 1, 20, 11, 'ABSOLUTE MONOCYTES', '560', 'cells/uL', '200-950 cells/uL', false, false, '2023-12-22T00:00:00.000Z', '2025-08-17T13:18:11.040Z');
INSERT INTO metrics (id, user_id, upload_id, system_id, metric_name, metric_value, metric_unit, reference_range, is_key_metric, is_outlier, test_date, created_at) VALUES (322, 1, 20, 11, 'ABSOLUTE EOSINOPHILS', '112', 'cells/uL', '15-500 cells/uL', false, false, '2023-12-22T00:00:00.000Z', '2025-08-17T13:18:11.106Z');
INSERT INTO metrics (id, user_id, upload_id, system_id, metric_name, metric_value, metric_unit, reference_range, is_key_metric, is_outlier, test_date, created_at) VALUES (323, 1, 20, 11, 'ABSOLUTE BASOPHILS', '42', 'cells/uL', '0-200 cells/uL', false, false, '2023-12-22T00:00:00.000Z', '2025-08-17T13:18:11.172Z');
INSERT INTO metrics (id, user_id, upload_id, system_id, metric_name, metric_value, metric_unit, reference_range, is_key_metric, is_outlier, test_date, created_at) VALUES (324, 1, 20, 9, 'TESTOSTERONE, TOTAL, MALES (ADULT), IA', '454', 'ng/dL', '250-827 ng/dL', true, false, '2023-12-22T00:00:00.000Z', '2025-08-17T13:18:11.238Z');
INSERT INTO metrics (id, user_id, upload_id, system_id, metric_name, metric_value, metric_unit, reference_range, is_key_metric, is_outlier, test_date, created_at) VALUES (325, 1, 21, 1, 'Cholesterol', '222', 'mg/dL', '<200 mg/dL', false, false, '2025-02-04T00:00:00.000Z', '2025-08-19T10:34:55.784Z');
INSERT INTO metrics (id, user_id, upload_id, system_id, metric_name, metric_value, metric_unit, reference_range, is_key_metric, is_outlier, test_date, created_at) VALUES (326, 1, 21, 1, 'HDL', '48', 'mg/dL', '>39 mg/dL', false, false, '2025-02-04T00:00:00.000Z', '2025-08-19T10:34:55.860Z');
INSERT INTO metrics (id, user_id, upload_id, system_id, metric_name, metric_value, metric_unit, reference_range, is_key_metric, is_outlier, test_date, created_at) VALUES (327, 1, 21, 1, 'Triglycerides', '109', 'mg/dL', '<150 mg/dL', false, false, '2025-02-04T00:00:00.000Z', '2025-08-19T10:34:55.929Z');
INSERT INTO metrics (id, user_id, upload_id, system_id, metric_name, metric_value, metric_unit, reference_range, is_key_metric, is_outlier, test_date, created_at) VALUES (328, 1, 21, 1, 'LDL Calculated', '151', 'mg/dL', '<100 mg/dL', true, false, '2025-02-04T00:00:00.000Z', '2025-08-19T10:34:55.998Z');
INSERT INTO metrics (id, user_id, upload_id, system_id, metric_name, metric_value, metric_unit, reference_range, is_key_metric, is_outlier, test_date, created_at) VALUES (329, 1, 21, 1, 'Chol/HDL Ratio', '4.6', 'calc', '<5.0 calc', false, false, '2025-02-04T00:00:00.000Z', '2025-08-19T10:34:56.067Z');
INSERT INTO metrics (id, user_id, upload_id, system_id, metric_name, metric_value, metric_unit, reference_range, is_key_metric, is_outlier, test_date, created_at) VALUES (330, 1, 21, 1, 'NON-HDL CHOLESTEROL', '174', 'mg/dL', '<130 mg/dL', false, false, '2025-02-04T00:00:00.000Z', '2025-08-19T10:34:56.135Z');
INSERT INTO metrics (id, user_id, upload_id, system_id, metric_name, metric_value, metric_unit, reference_range, is_key_metric, is_outlier, test_date, created_at) VALUES (331, 1, 21, 1, 'LDL PARTICLES, TOTAL', '2144', 'nmol/L', '<1138 nmol/L', true, false, '2025-02-04T00:00:00.000Z', '2025-08-19T10:34:56.204Z');
INSERT INTO metrics (id, user_id, upload_id, system_id, metric_name, metric_value, metric_unit, reference_range, is_key_metric, is_outlier, test_date, created_at) VALUES (332, 1, 21, 1, 'LDL, SMALL', '333', 'nmol/L', '<142 nmol/L', true, false, '2025-02-04T00:00:00.000Z', '2025-08-19T10:34:56.278Z');
INSERT INTO metrics (id, user_id, upload_id, system_id, metric_name, metric_value, metric_unit, reference_range, is_key_metric, is_outlier, test_date, created_at) VALUES (333, 1, 21, 1, 'LDL, MEDIUM', '419', 'nmol/L', '<215 nmol/L', true, false, '2025-02-04T00:00:00.000Z', '2025-08-19T10:34:56.348Z');
INSERT INTO metrics (id, user_id, upload_id, system_id, metric_name, metric_value, metric_unit, reference_range, is_key_metric, is_outlier, test_date, created_at) VALUES (334, 1, 21, 1, 'HDL, LARGE', '4764', 'nmol/L', '>6729 nmol/L', false, false, '2025-02-04T00:00:00.000Z', '2025-08-19T10:34:56.415Z');
INSERT INTO metrics (id, user_id, upload_id, system_id, metric_name, metric_value, metric_unit, reference_range, is_key_metric, is_outlier, test_date, created_at) VALUES (335, 1, 21, 1, 'LDL PARTICLE SIZE', '224.2', 'Angstrom', '>222.9 Angstrom', true, false, '2025-02-04T00:00:00.000Z', '2025-08-19T10:34:56.483Z');
INSERT INTO metrics (id, user_id, upload_id, system_id, metric_name, metric_value, metric_unit, reference_range, is_key_metric, is_outlier, test_date, created_at) VALUES (336, 1, 21, 1, 'Apolipoprotein B', '130', 'mg/dL', '<90 mg/dL', false, false, '2025-02-04T00:00:00.000Z', '2025-08-19T10:34:56.550Z');
INSERT INTO metrics (id, user_id, upload_id, system_id, metric_name, metric_value, metric_unit, reference_range, is_key_metric, is_outlier, test_date, created_at) VALUES (337, 1, 21, 8, 'LIPOPROTEIN (a)', '19', 'nmol/L', '<75 nmol/L', false, false, '2025-02-04T00:00:00.000Z', '2025-08-19T10:34:56.618Z');
INSERT INTO metrics (id, user_id, upload_id, system_id, metric_name, metric_value, metric_unit, reference_range, is_key_metric, is_outlier, test_date, created_at) VALUES (338, 1, 21, 11, 'CARDIO CRP(R)', '0.8', 'mg/L', '<1.0 mg/L', true, false, '2025-02-04T00:00:00.000Z', '2025-08-19T10:34:56.685Z');
INSERT INTO metrics (id, user_id, upload_id, system_id, metric_name, metric_value, metric_unit, reference_range, is_key_metric, is_outlier, test_date, created_at) VALUES (339, 1, 21, 2, 'LA PLA2 ACTIVITY', '93', 'nmol/min/mL', '<124 nmol/min/mL', true, false, '2025-02-04T00:00:00.000Z', '2025-08-19T10:34:56.753Z');
INSERT INTO metrics (id, user_id, upload_id, system_id, metric_name, metric_value, metric_unit, reference_range, is_key_metric, is_outlier, test_date, created_at) VALUES (1, 1, 1, NULL, 'CHOLESTEROL, TOTAL', '200', 'mg/dL', NULL, false, false, NULL, '2025-08-19T15:44:19.240Z');
INSERT INTO metrics (id, user_id, upload_id, system_id, metric_name, metric_value, metric_unit, reference_range, is_key_metric, is_outlier, test_date, created_at) VALUES (2, 1, 1, NULL, 'HDL CHOLESTEROL', '56', 'mg/dL', NULL, false, false, NULL, '2025-08-19T15:44:19.317Z');
INSERT INTO metrics (id, user_id, upload_id, system_id, metric_name, metric_value, metric_unit, reference_range, is_key_metric, is_outlier, test_date, created_at) VALUES (3, 1, 1, NULL, 'TRIGLYCERIDES', '126', 'mg/dL', NULL, false, false, NULL, '2025-08-19T15:44:19.384Z');
INSERT INTO metrics (id, user_id, upload_id, system_id, metric_name, metric_value, metric_unit, reference_range, is_key_metric, is_outlier, test_date, created_at) VALUES (4, 1, 1, NULL, 'LDL-CHOLESTEROL', '120', 'mg/dL', NULL, false, false, NULL, '2025-08-19T15:44:19.452Z');
INSERT INTO metrics (id, user_id, upload_id, system_id, metric_name, metric_value, metric_unit, reference_range, is_key_metric, is_outlier, test_date, created_at) VALUES (5, 1, 1, NULL, 'CHOL/HDLC RATIO', '3.6', '', NULL, false, false, NULL, '2025-08-19T15:44:19.522Z');
INSERT INTO metrics (id, user_id, upload_id, system_id, metric_name, metric_value, metric_unit, reference_range, is_key_metric, is_outlier, test_date, created_at) VALUES (6, 1, 1, NULL, 'NON HDL CHOLESTEROL', '144', 'mg/dL', NULL, false, false, NULL, '2025-08-19T15:44:19.590Z');
INSERT INTO metrics (id, user_id, upload_id, system_id, metric_name, metric_value, metric_unit, reference_range, is_key_metric, is_outlier, test_date, created_at) VALUES (7, 1, 1, NULL, 'GLUCOSE', '78', 'mg/dL', NULL, false, false, NULL, '2025-08-19T15:44:19.657Z');
INSERT INTO metrics (id, user_id, upload_id, system_id, metric_name, metric_value, metric_unit, reference_range, is_key_metric, is_outlier, test_date, created_at) VALUES (8, 1, 1, NULL, 'UREA NITROGEN (BUN)', '16', 'mg/dL', NULL, false, false, NULL, '2025-08-19T15:44:19.726Z');
INSERT INTO metrics (id, user_id, upload_id, system_id, metric_name, metric_value, metric_unit, reference_range, is_key_metric, is_outlier, test_date, created_at) VALUES (9, 1, 1, NULL, 'CREATININE', '1.14', 'mg/dL', NULL, false, false, NULL, '2025-08-19T15:44:19.793Z');
INSERT INTO metrics (id, user_id, upload_id, system_id, metric_name, metric_value, metric_unit, reference_range, is_key_metric, is_outlier, test_date, created_at) VALUES (10, 1, 1, NULL, 'EGFR', '82', 'mL/min/1.73m2', NULL, false, false, NULL, '2025-08-19T15:44:19.861Z');
INSERT INTO metrics (id, user_id, upload_id, system_id, metric_name, metric_value, metric_unit, reference_range, is_key_metric, is_outlier, test_date, created_at) VALUES (11, 1, 1, NULL, 'SODIUM', '138', 'mmol/L', NULL, false, false, NULL, '2025-08-19T15:44:19.931Z');
INSERT INTO metrics (id, user_id, upload_id, system_id, metric_name, metric_value, metric_unit, reference_range, is_key_metric, is_outlier, test_date, created_at) VALUES (12, 1, 1, NULL, 'POTASSIUM', '4.2', 'mmol/L', NULL, false, false, NULL, '2025-08-19T15:44:19.998Z');
INSERT INTO metrics (id, user_id, upload_id, system_id, metric_name, metric_value, metric_unit, reference_range, is_key_metric, is_outlier, test_date, created_at) VALUES (13, 1, 1, NULL, 'CHLORIDE', '103', 'mmol/L', NULL, false, false, NULL, '2025-08-19T15:44:20.065Z');
INSERT INTO metrics (id, user_id, upload_id, system_id, metric_name, metric_value, metric_unit, reference_range, is_key_metric, is_outlier, test_date, created_at) VALUES (14, 1, 1, NULL, 'CARBON DIOXIDE', '27', 'mmol/L', NULL, false, false, NULL, '2025-08-19T15:44:20.132Z');
INSERT INTO metrics (id, user_id, upload_id, system_id, metric_name, metric_value, metric_unit, reference_range, is_key_metric, is_outlier, test_date, created_at) VALUES (15, 1, 1, NULL, 'CALCIUM', '9.2', 'mg/dL', NULL, false, false, NULL, '2025-08-19T15:44:20.199Z');
INSERT INTO metrics (id, user_id, upload_id, system_id, metric_name, metric_value, metric_unit, reference_range, is_key_metric, is_outlier, test_date, created_at) VALUES (16, 1, 1, NULL, 'PROTEIN, TOTAL', '7.2', 'g/dL', NULL, false, false, NULL, '2025-08-19T15:44:20.266Z');
INSERT INTO metrics (id, user_id, upload_id, system_id, metric_name, metric_value, metric_unit, reference_range, is_key_metric, is_outlier, test_date, created_at) VALUES (17, 1, 1, NULL, 'ALBUMIN', '4.5', 'g/dL', NULL, false, false, NULL, '2025-08-19T15:44:20.334Z');
INSERT INTO metrics (id, user_id, upload_id, system_id, metric_name, metric_value, metric_unit, reference_range, is_key_metric, is_outlier, test_date, created_at) VALUES (18, 1, 1, NULL, 'GLOBULIN', '2.7', 'g/dL', NULL, false, false, NULL, '2025-08-19T15:44:20.401Z');
INSERT INTO metrics (id, user_id, upload_id, system_id, metric_name, metric_value, metric_unit, reference_range, is_key_metric, is_outlier, test_date, created_at) VALUES (19, 1, 1, NULL, 'ALBUMIN/GLOBULIN RATIO', '1.7', '', NULL, false, false, NULL, '2025-08-19T15:44:20.468Z');
INSERT INTO metrics (id, user_id, upload_id, system_id, metric_name, metric_value, metric_unit, reference_range, is_key_metric, is_outlier, test_date, created_at) VALUES (20, 1, 1, NULL, 'BILIRUBIN, TOTAL', '0.5', 'mg/dL', NULL, false, false, NULL, '2025-08-19T15:44:20.536Z');
INSERT INTO metrics (id, user_id, upload_id, system_id, metric_name, metric_value, metric_unit, reference_range, is_key_metric, is_outlier, test_date, created_at) VALUES (21, 1, 1, NULL, 'ALKALINE PHOSPHATASE', '53', 'U/L', NULL, false, false, NULL, '2025-08-19T15:44:20.603Z');
INSERT INTO metrics (id, user_id, upload_id, system_id, metric_name, metric_value, metric_unit, reference_range, is_key_metric, is_outlier, test_date, created_at) VALUES (22, 1, 1, NULL, 'AST', '21', 'U/L', NULL, false, false, NULL, '2025-08-19T15:44:20.680Z');
INSERT INTO metrics (id, user_id, upload_id, system_id, metric_name, metric_value, metric_unit, reference_range, is_key_metric, is_outlier, test_date, created_at) VALUES (23, 1, 1, NULL, 'ALT', '41', 'U/L', NULL, false, false, NULL, '2025-08-19T15:44:20.747Z');
INSERT INTO metrics (id, user_id, upload_id, system_id, metric_name, metric_value, metric_unit, reference_range, is_key_metric, is_outlier, test_date, created_at) VALUES (24, 1, 1, NULL, 'LIPOPROTEIN (a)', '12', 'nmol/L', NULL, false, false, NULL, '2025-08-19T15:44:20.816Z');
INSERT INTO metrics (id, user_id, upload_id, system_id, metric_name, metric_value, metric_unit, reference_range, is_key_metric, is_outlier, test_date, created_at) VALUES (25, 1, 1, NULL, 'HEMOGLOBIN A1c', '5.3', '%', NULL, false, false, NULL, '2025-08-19T15:44:20.883Z');
INSERT INTO metrics (id, user_id, upload_id, system_id, metric_name, metric_value, metric_unit, reference_range, is_key_metric, is_outlier, test_date, created_at) VALUES (26, 1, 1, NULL, 'TSH', '1.8', 'mIU/L', NULL, false, false, NULL, '2025-08-19T15:44:20.951Z');
INSERT INTO metrics (id, user_id, upload_id, system_id, metric_name, metric_value, metric_unit, reference_range, is_key_metric, is_outlier, test_date, created_at) VALUES (27, 1, 1, NULL, 'WHITE BLOOD CELL COUNT', '7', 'Thousand/uL', NULL, false, false, NULL, '2025-08-19T15:44:21.018Z');
INSERT INTO metrics (id, user_id, upload_id, system_id, metric_name, metric_value, metric_unit, reference_range, is_key_metric, is_outlier, test_date, created_at) VALUES (28, 1, 1, NULL, 'RED BLOOD CELL COUNT', '4.85', 'Million/uL', NULL, false, false, NULL, '2025-08-19T15:44:21.086Z');
INSERT INTO metrics (id, user_id, upload_id, system_id, metric_name, metric_value, metric_unit, reference_range, is_key_metric, is_outlier, test_date, created_at) VALUES (29, 1, 1, NULL, 'HEMOGLOBIN', '13.9', 'g/dL', NULL, false, false, NULL, '2025-08-19T15:44:21.157Z');
INSERT INTO metrics (id, user_id, upload_id, system_id, metric_name, metric_value, metric_unit, reference_range, is_key_metric, is_outlier, test_date, created_at) VALUES (30, 1, 1, NULL, 'HEMATOCRIT', '40.1', '%', NULL, false, false, NULL, '2025-08-19T15:44:21.224Z');
INSERT INTO metrics (id, user_id, upload_id, system_id, metric_name, metric_value, metric_unit, reference_range, is_key_metric, is_outlier, test_date, created_at) VALUES (31, 1, 1, NULL, 'MCV', '82.7', 'fL', NULL, false, false, NULL, '2025-08-19T15:44:21.291Z');
INSERT INTO metrics (id, user_id, upload_id, system_id, metric_name, metric_value, metric_unit, reference_range, is_key_metric, is_outlier, test_date, created_at) VALUES (32, 1, 1, NULL, 'MCH', '28.7', 'pg', NULL, false, false, NULL, '2025-08-19T15:44:21.358Z');
INSERT INTO metrics (id, user_id, upload_id, system_id, metric_name, metric_value, metric_unit, reference_range, is_key_metric, is_outlier, test_date, created_at) VALUES (33, 1, 1, NULL, 'MCHC', '34.7', 'g/dL', NULL, false, false, NULL, '2025-08-19T15:44:21.425Z');
INSERT INTO metrics (id, user_id, upload_id, system_id, metric_name, metric_value, metric_unit, reference_range, is_key_metric, is_outlier, test_date, created_at) VALUES (34, 1, 1, NULL, 'RDW', '13.4', '%', NULL, false, false, NULL, '2025-08-19T15:44:21.493Z');
INSERT INTO metrics (id, user_id, upload_id, system_id, metric_name, metric_value, metric_unit, reference_range, is_key_metric, is_outlier, test_date, created_at) VALUES (35, 1, 1, NULL, 'PLATELET COUNT', '203', 'Thousand/uL', NULL, false, false, NULL, '2025-08-19T15:44:21.560Z');
INSERT INTO metrics (id, user_id, upload_id, system_id, metric_name, metric_value, metric_unit, reference_range, is_key_metric, is_outlier, test_date, created_at) VALUES (36, 1, 1, NULL, 'MPV', '10.1', 'fL', NULL, false, false, NULL, '2025-08-19T15:44:21.626Z');
INSERT INTO metrics (id, user_id, upload_id, system_id, metric_name, metric_value, metric_unit, reference_range, is_key_metric, is_outlier, test_date, created_at) VALUES (37, 1, 1, NULL, 'ABSOLUTE NEUTROPHILS', '5117', 'cells/uL', NULL, false, false, NULL, '2025-08-19T15:44:21.694Z');
INSERT INTO metrics (id, user_id, upload_id, system_id, metric_name, metric_value, metric_unit, reference_range, is_key_metric, is_outlier, test_date, created_at) VALUES (38, 1, 1, NULL, 'ABSOLUTE LYMPHOCYTES', '1169', 'cells/uL', NULL, false, false, NULL, '2025-08-19T15:44:21.762Z');
INSERT INTO metrics (id, user_id, upload_id, system_id, metric_name, metric_value, metric_unit, reference_range, is_key_metric, is_outlier, test_date, created_at) VALUES (39, 1, 1, NULL, 'ABSOLUTE MONOCYTES', '560', 'cells/uL', NULL, false, false, NULL, '2025-08-19T15:44:21.829Z');
INSERT INTO metrics (id, user_id, upload_id, system_id, metric_name, metric_value, metric_unit, reference_range, is_key_metric, is_outlier, test_date, created_at) VALUES (40, 1, 1, NULL, 'ABSOLUTE EOSINOPHILS', '112', 'cells/uL', NULL, false, false, NULL, '2025-08-19T15:44:21.896Z');
INSERT INTO metrics (id, user_id, upload_id, system_id, metric_name, metric_value, metric_unit, reference_range, is_key_metric, is_outlier, test_date, created_at) VALUES (41, 1, 1, NULL, 'ABSOLUTE BASOPHILS', '42', 'cells/uL', NULL, false, false, NULL, '2025-08-19T15:44:21.963Z');
INSERT INTO metrics (id, user_id, upload_id, system_id, metric_name, metric_value, metric_unit, reference_range, is_key_metric, is_outlier, test_date, created_at) VALUES (42, 1, 1, NULL, 'TESTOSTERONE, TOTAL, MALES (ADULT), IA', '454', 'ng/dL', NULL, false, false, NULL, '2025-08-19T15:44:22.031Z');

-- Table: questionnaire_responses
-- Columns: 7
-- Rows: 0

-- Table: uploads
-- Columns: 11
-- Rows: 3

-- Data for uploads
INSERT INTO uploads (id, user_id, filename, file_type, file_size, upload_type, storage_path, processing_status, processing_error, created_at, processed_at) VALUES (20, 1, 'quest dec 2023.pdf', 'application/pdf', 73854, 'manual', NULL, 'completed', NULL, '2025-08-17T13:18:08.455Z', NULL);
INSERT INTO uploads (id, user_id, filename, file_type, file_size, upload_type, storage_path, processing_status, processing_error, created_at, processed_at) VALUES (21, 1, 'lipid panel feb 2025.pdf', 'application/pdf', 55224, 'manual', NULL, 'completed', NULL, '2025-08-19T10:34:55.703Z', NULL);
INSERT INTO uploads (id, user_id, filename, file_type, file_size, upload_type, storage_path, processing_status, processing_error, created_at, processed_at) VALUES (1, 1, 'quest dec 2023.pdf', 'application/pdf', 73854, 'manual', NULL, 'completed', NULL, '2025-08-19T15:44:19.156Z', NULL);

-- Table: user_custom_metrics
-- Columns: 12
-- Rows: 3

-- Data for user_custom_metrics
INSERT INTO user_custom_metrics (id, system_id, user_id, metric_name, value, units, normal_range_min, normal_range_max, range_applicable_to, source_type, review_status, created_at) VALUES (10, 1, 1, 'LDL, Small', '0', 'nmol/L', NULL, '467', 'All', 'user', 'pending', '2025-08-01T21:34:44.590Z');
INSERT INTO user_custom_metrics (id, system_id, user_id, metric_name, value, units, normal_range_min, normal_range_max, range_applicable_to, source_type, review_status, created_at) VALUES (11, 1, 1, 'LDL Particles, Total', '0', 'nmol/L', NULL, '1000', 'All', 'user', 'pending', '2025-08-01T21:38:26.330Z');
INSERT INTO user_custom_metrics (id, system_id, user_id, metric_name, value, units, normal_range_min, normal_range_max, range_applicable_to, source_type, review_status, created_at) VALUES (12, 1, 1, 'LDL PARTICLE SIZE', '0', 'Angstrom', '200', '223', 'All', 'user', 'pending', '2025-08-01T21:47:22.986Z');

-- Table: users
-- Columns: 7
-- Rows: 1

-- Data for users
INSERT INTO users (id, email, google_id, name, avatar_url, created_at, updated_at) VALUES (1, 'demo@healthapp.com', 'demo-123', 'Demo User', NULL, '2025-07-28T23:17:32.742Z', '2025-08-19T18:39:34.691Z');

