-- Database Snapshot Created: 2025-08-26T05:34:13.654Z
-- Environment: development
-- Tables: 10

-- Table: __drizzle_migrations
-- Columns: 3
-- Rows: 0

-- Table: ai_outputs_log
-- Columns: 9
-- Rows: 36

-- Data for ai_outputs_log
INSERT INTO ai_outputs_log (id, user_id, output_type, prompt, response, model_version, processing_time_ms, created_at, system_id) VALUES (1, 1, 'daily_plan', 'Generate daily health plan', '{"plan_date":"2025-08-22","recommendations":[{"category":"nutrition","action":"Increase intake of soluble fiber-rich foods such as oats, beans, and fruits to help lower LDL cholesterol levels.","reason":"Soluble fiber can help reduce the absorption of cholesterol into your bloodstream and is beneficial for managing LDL cholesterol levels.","priority":"high"},{"category":"exercise","action":"Engage in at least 30 minutes of moderate-intensity exercise like brisk walking, cycling, or swimming, five times a week.","reason":"Regular physical activity can boost HDL cholesterol and lower LDL cholesterol, improving overall heart health.","priority":"high"},{"category":"lifestyle","action":"Incorporate stress-management techniques such as meditation or yoga into your daily routine.","reason":"Reducing stress can positively impact lipid profiles and overall cardiovascular health.","priority":"medium"},{"category":"nutrition","action":"Limit consumption of saturated fats found in red meat and full-fat dairy products and replace them with healthier unsaturated fats from sources like olive oil, nuts, and avocados.","reason":"Limiting saturated fats can help reduce LDL cholesterol levels, improving heart health.","priority":"high"},{"category":"exercise","action":"Incorporate two days a week of strength training activities.","reason":"Strength training can help improve metabolic health and regulate blood glucose levels, which can support healthy lipid profiles.","priority":"medium"}],"key_focus_areas":["Cardiovascular Health","Blood Glucose Control"],"estimated_compliance_time_minutes":90}', 'gpt-4o', 0, '2025-08-21T21:34:18.616Z', NULL);
INSERT INTO ai_outputs_log (id, user_id, output_type, prompt, response, model_version, processing_time_ms, created_at, system_id) VALUES (2, 1, 'system_insights', 'system_id:1', '{"system_status":"At Risk","summary_insight":"The lab metrics indicate an increased cardiovascular risk due to dyslipidemia. Total cholesterol, LDL cholesterol, and HDL cholesterol values are out of the optimal range. These lab values suggest an elevated risk for atherosclerosis and cardiovascular diseases. No visual studies were provided, so the assessment is based solely on lab data. This places the cardiovascular system at an ''At Risk'' status, highlighting the need for corrective action.","out_of_range_metrics":[{"metric_name":"Cholesterol, Total","value_and_range":"178 mg/dL vs. 0–100 mg/dL","definition":"The total amount of cholesterol in the blood, including LDL and HDL.","implication":"Elevated total cholesterol can contribute to plaque formation, increasing the risk of heart disease.","recommendations":"Adopt a heart-healthy diet, potentially including reducing saturated fats and cholesterol. Regular physical activity and weight management may also help in lowering cholesterol levels."},{"metric_name":"HDL Cholesterol","value_and_range":"34 mg/dL vs. 0–100 mg/dL","definition":"The high-density lipoprotein cholesterol, also known as ''good'' cholesterol.","implication":"Low HDL levels are associated with a higher risk of cardiovascular disease, as HDL helps to remove cholesterol from the bloodstream.","recommendations":"Increase physical activity, consume healthy fats from sources like olive oil and nuts, and avoid smoking to boost HDL levels."},{"metric_name":"LDL Cholesterol","value_and_range":"122 mg/dL vs. 0–100 mg/dL","definition":"Low-density lipoprotein cholesterol, often referred to as ''bad'' cholesterol.","implication":"High LDL levels can lead to the buildup of plaques in arteries, increasing the risk of heart attacks and strokes.","recommendations":"Consider reducing intake of saturated and trans fats, increase fiber-rich foods, and consult with a healthcare provider about possible lipid-lowering medications if lifestyle modifications are insufficient."}],"recommendations":["Implement dietary changes to lower LDL and total cholesterol, focusing on fiber-rich foods and reducing saturated fat intake.","Increase regular physical activity, such as engaging in at least 150 minutes of moderate-intensity exercise per week, to improve lipid profiles.","Monitor lipid levels regularly in consultation with healthcare providers to assess the effectiveness of lifestyle changes and make adjustments as needed."]}', 'gpt-4o', 0, '2025-08-24T10:30:00.585Z', 1);
INSERT INTO ai_outputs_log (id, user_id, output_type, prompt, response, model_version, processing_time_ms, created_at, system_id) VALUES (3, 1, 'system_insights', 'system_id:8', '{"system_status":"Optimal","summary_insight":"The urinary system appears to be functioning well based on the provided lab metrics. Blood Urea Nitrogen (BUN) is at 14 mg/dL, and Creatinine is at 1.16 mg/dL, both comfortably within their normal ranges. There are no visual studies provided, which limits the ability to confirm imaging observations, but based on the lab data alone, there are no apparent issues with the kidney function at this time.","out_of_range_metrics":[],"recommendations":["Maintain a balanced diet with adequate hydration to support renal health.","Schedule regular follow-ups to monitor kidney function, especially if there are any standard risk factors such as age or hypertension.","Consider imaging studies in future assessments for a more comprehensive evaluation, especially if symptoms or clinical concerns arise."]}', 'gpt-4o', 0, '2025-08-24T10:30:03.213Z', 8);
INSERT INTO ai_outputs_log (id, user_id, output_type, prompt, response, model_version, processing_time_ms, created_at, system_id) VALUES (4, 1, 'system_insights', 'system_id:7', '{"system_status":"Optimal","summary_insight":"The lab metrics for the endocrine system indicate that the glucose level is within the normal range (92 mg/dL, normal range 0–100 mg/dL). As there are no visual studies available for review, the assessment is made solely on laboratory data. Current glucose level suggests normal functioning of glucose metabolism within the endocrine system. Without any additional data or trends from imaging studies, the endocrine system appears to be operating optimally at this time.","out_of_range_metrics":[],"recommendations":["Maintain a balanced diet rich in whole grains, fruits, and vegetables to support normal glucose metabolism.","Engage in regular physical activity, such as walking or cycling, to aid in maintaining healthy blood glucose levels.","Schedule periodic reviews of glucose levels to monitor any changes over time and adjust lifestyle factors accordingly."]}', 'gpt-4o', 0, '2025-08-24T10:30:05.956Z', 7);
INSERT INTO ai_outputs_log (id, user_id, output_type, prompt, response, model_version, processing_time_ms, created_at, system_id) VALUES (5, 1, 'system_insights', 'system_id:5', '{"system_status":"Mild Concern","summary_insight":"The lab metric for calcium, while important for skeletal health, shows a value of 9.3 mg/dL. Although this value appears to be significantly below the conventional range (normally around 8.5-10.2 mg/dL for adults), the data suggests an abnormal range, which needs re-evaluation for accuracy. Additionally, there are no current imaging studies provided to corroborate or challenge this finding. Without imaging data, evaluating bone density or structural integrity is limited to lab metrics, which in this case, require further clarification.","out_of_range_metrics":[{"metric_name":"Calcium","value_and_range":"9.3 mg/dL vs. 0–100 mg/dL","definition":"Calcium is essential for bone health, aiding in bone development and maintenance.","implication":"A disparate range suggests a possible error. If considered against standard values, this calcium level could indicate normal bone turnover. However, the misalignment in range demands reassessment of laboratory protocol or recalibration.","recommendations":"Confirm laboratory range accuracy via consultation with the testing facility or repeat testing if necessary to ensure accurate clinical assessment."}],"recommendations":["Verify the laboratory range for calcium to confirm its applicability and adjust interpretation accordingly.","Consider obtaining a bone density scan or other imaging to provide more comprehensive skeletal system insights.","Maintain adequate intake of calcium and vitamin D through diet or supplements, pending further evaluation and professional guidance."]}', 'gpt-4o', 0, '2025-08-24T10:30:09.908Z', 5);
INSERT INTO ai_outputs_log (id, user_id, output_type, prompt, response, model_version, processing_time_ms, created_at, system_id) VALUES (6, 1, 'system_insights', 'system_id:1', '{"system_status":"At Risk","summary_insight":"The cardiovascular lab metrics indicate several areas of concern. Total cholesterol, LDL cholesterol, and triglycerides are above typical desired levels, suggesting potential dyslipidemia. High-density lipoprotein (HDL) cholesterol values are critical here; in one instance, the value has dropped to 34 mg/dL which is considered low. There are no visual studies available to confirm potential atherosclerotic changes, which makes it crucial to rely on lab findings for risk stratification. The overall lipid profile suggests increased cardiovascular risk.","out_of_range_metrics":[{"metric_name":"Cholesterol, Total","value_and_range":"178 mg/dL vs. 0–100 mg/dL","definition":"Total cholesterol measures the overall amount of cholesterol in the blood.","implication":"Elevated total cholesterol can increase the risk of cardiovascular disease.","recommendations":"Adopt a heart-healthy diet low in saturated fats, increase physical activity, and consult a healthcare provider for the potential need for lipid-lowering medications."},{"metric_name":"Triglycerides","value_and_range":"116 mg/dL vs. 0–100 mg/dL","definition":"Triglycerides measure the amount of fat in the blood.","implication":"High triglyceride levels are associated with an increased risk of heart disease.","recommendations":"Limit sugar and alcohol intake, and increase physical activity to help lower triglyceride levels."},{"metric_name":"HDL Cholesterol","value_and_range":"34 mg/dL vs. 0–100 mg/dL","definition":"HDL cholesterol is the ''good'' cholesterol that helps remove other forms of cholesterol from the bloodstream.","implication":"Low HDL can increase the risk of heart disease.","recommendations":"Incorporate more physical exercise, particularly aerobic activities, and consider dietary adjustments to increase healthy fats like those found in fish and nuts."},{"metric_name":"LDL Cholesterol","value_and_range":"122 mg/dL vs. 0–100 mg/dL","definition":"LDL cholesterol is the ''bad'' cholesterol that can build up on the walls of blood vessels and increase cardiovascular risk.","implication":"Elevated LDL levels are a significant risk factor for coronary artery disease.","recommendations":"Reduce intake of foods high in saturated fat and cholesterol, increase soluble fiber intake, and discuss the possibility of medication with a healthcare professional."}],"recommendations":["Consider dietary changes to lower saturated fat and increase fiber intake, potentially benefiting all cholesterol measures.","Implement regular aerobic exercise to improve HDL levels and overall cardiovascular health.","Consult a healthcare provider for personalized risk assessment and potential medical intervention due to abnormal cholesterol and triglyceride levels.","Monitor lipid levels frequently to assess response to lifestyle changes and therapies."]}', 'gpt-4o', 0, '2025-08-24T10:40:25.195Z', 1);
INSERT INTO ai_outputs_log (id, user_id, output_type, prompt, response, model_version, processing_time_ms, created_at, system_id) VALUES (7, 1, 'system_insights', 'system_id:8', '{"system_status":"Optimal","summary_insight":"The comprehensive evaluation of the urinary system, based on the available lab metrics, indicates all assessed values are well within normal limits. Specifically, Urea Nitrogen (BUN) is at 14 mg/dL and Creatinine is at 1.16 mg/dL, both of which are comfortably within the provided normal ranges. Although no visual studies are available for integration into this assessment, the lab data alone suggests optimal kidney function with no indications of abnormality.","out_of_range_metrics":[],"recommendations":["Continue regular monitoring of kidney function with routine lab tests every 6-12 months to ensure values remain stable.","Maintain a balanced diet with adequate hydration to support optimal kidney health.","Engage in regular physical activity, which can help maintain a healthy body weight and blood pressure, benefiting kidney health."]}', 'gpt-4o', 0, '2025-08-24T10:40:28.171Z', 8);
INSERT INTO ai_outputs_log (id, user_id, output_type, prompt, response, model_version, processing_time_ms, created_at, system_id) VALUES (8, 1, 'system_insights', 'system_id:7', '{"system_status":"Optimal","summary_insight":"The endocrine system evaluation presents normal glucose lab metrics with no outliers or abnormalities detected. The glucose level measured at 92 mg/dL falls comfortably within the normal range of 0–100 mg/dL. This level suggests stable and effective blood sugar regulation under current conditions. No imaging data is available to augment this assessment, but there are no current indications from lab results to suggest otherwise.","out_of_range_metrics":[],"recommendations":["Maintain a balanced diet with appropriate carbohydrate intake to ensure stable glucose levels.","Engage in regular physical activity to support ongoing metabolic health.","Continue routine monitoring of blood glucose levels to detect any potential future changes.","Consider periodic review with a healthcare provider to ensure all endocrine functions remain optimal."]}', 'gpt-4o', 0, '2025-08-24T10:40:30.682Z', 7);
INSERT INTO ai_outputs_log (id, user_id, output_type, prompt, response, model_version, processing_time_ms, created_at, system_id) VALUES (9, 1, 'system_insights', 'system_id:12', '{"system_status":"At Risk","summary_insight":"The sensory system is currently assessed as ''At Risk'' based on lab metrics. Key findings include out-of-range keratometry and pachymetry. Although no visual studies were available for holistic evaluation, the significant deviations in important parameters such as keratometry indices and pachymetry values suggest potential structural or functional issues within the corneal system, typically associated with conditions affecting visual acuity such as keratoconus.","out_of_range_metrics":[{"metric_name":"Mean K","value_and_range":"-7 D vs. 0–100 D","definition":"Mean K represents the average corneal curvature, a key indicator in assessing corneal shape.","implication":"This negative value indicates an abnormal reading possibly pointing to corneal thinning or deformity.","recommendations":"A comprehensive corneal topography should be conducted to further assess corneal contour and health."},{"metric_name":"Flat K","value_and_range":"-6.5 D vs. 0–100 D","definition":"Flat K measures the flattest curvature of the cornea, providing insights into corneal regularity.","implication":"Negative values suggest significant corneal irregularity or errors in measurement, necessitating reevaluation.","recommendations":"Ensure calibration of measurement tools and confirm with an ophthalmologist to ensure no instrumentation error."},{"metric_name":"Steep K","value_and_range":"-7.51 D vs. 0–100 D","definition":"Steep K represents the steepest part of the corneal curvature.","implication":"Abnormal readings could suggest corneal ectasia or measurement inaccuracies.","recommendations":"Conduct a refraction test and revisit device calibration to confirm these readings."},{"metric_name":"Pachymetry Thinnest","value_and_range":"475 µm vs. 0–100 µm","definition":"Pachymetry measures corneal thickness, essential for evaluating corneal health.","implication":"A lower thickness than expected for 0–100 µm could indicate corneal thinning disorders.","recommendations":"Regular monitoring and potentially protective measures such as avoiding eye trauma are recommended."},{"metric_name":"Central Pachymetry","value_and_range":"502 µm vs. 0–100 µm","definition":"Central pachymetry also indicates the thickness at the center of the cornea.","implication":"Corneal thinning detected could affect intraocular pressure readings and risk corneal degradation.","recommendations":"Routine follow-up visits with an optometrist for pachymetry and intraocular pressure checks are advised."}],"recommendations":["Schedule an appointment with an ophthalmologist for detailed corneal topography to corroborate lab findings.","Ensure that all instrumentation is correctly calibrated to eliminate any measurement error before making further assessments.","Consider protective eyewear to safeguard against potential eye injuries which might exacerbate existing conditions.","Regular follow-up visits are crucial for monitoring progression and managing potential complications arising from corneal irregularities."]}', 'gpt-4o', 0, '2025-08-24T17:13:23.831Z', 12);
INSERT INTO ai_outputs_log (id, user_id, output_type, prompt, response, model_version, processing_time_ms, created_at, system_id) VALUES (10, 1, 'system_insights', 'system_id:6', '{"system_status":"Optimal","summary_insight":"The current analysis for the digestive system includes only lab metrics which are all within normal ranges. There are no visual studies available to influence the assessment. Both ''Astigmatism'' and ''Astigmatism Zernike'' metrics are not relevant to the digestive system; they appear to be mislabeled or misinterpreted in this context, as these terms typically relate to ophthalmological assessments. Therefore, based on the available data, the system is considered optimal.","out_of_range_metrics":[],"recommendations":["Verify the relevance of provided metrics to the digestive system and consider re-evaluation with appropriate data.","If additional digestive system issues are suspected, consider conducting relevant enzyme tests such as amylase and lipase.","Schedule an imaging study (e.g., abdominal ultrasound or CT scan) if gastrointestinal symptoms warrant further investigation."]}', 'gpt-4o', 0, '2025-08-24T17:13:27.447Z', 6);
INSERT INTO ai_outputs_log (id, user_id, output_type, prompt, response, model_version, processing_time_ms, created_at, system_id) VALUES (27, 1, 'system_insights', 'system_id:8', '{"system_status":"Optimal","summary_insight":"The lab metrics provided for the urinary system, which include Urea Nitrogen (BUN), Creatinine, and Total Protein, are all within normal ranges, indicating optimal kidney function. The absence of visual study data does not affect the assessment positively or negatively. All provided values suggest stable renal function without apparent abnormalities.","out_of_range_metrics":[],"recommendations":["Maintain adequate hydration to support kidney function.","Continue regular monitoring of urinary system lab metrics as part of routine health check-ups.","Consider lifestyle practices that support cardiovascular health, as it is closely linked with renal health, such as maintaining a balanced diet and regular exercise."]}', 'gpt-4o', 0, '2025-08-25T11:17:55.813Z', 8);
INSERT INTO ai_outputs_log (id, user_id, output_type, prompt, response, model_version, processing_time_ms, created_at, system_id) VALUES (11, 1, 'system_insights', 'system_id:1', '{"system_status":"At Risk","summary_insight":"The cardiovascular system assessment based on the provided lab metrics indicates potential concerns mainly due to the lipid profile values. The total cholesterol level and LDL cholesterol are elevated above standard healthy ranges, suggesting increased risk for cardiovascular disease over time. HDL cholesterol is noted to be low compared to desired healthy levels, further contributing to risk. However, no visual studies are available to integrate with these lab findings, limiting insights into structural or functional cardiac changes.","out_of_range_metrics":[{"metric_name":"Cholesterol, Total","value_and_range":"178 mg/dL vs. 0–100 mg/dL","definition":"Total cholesterol is the sum of blood''s cholesterol content, including LDL, HDL, and VLDL.","implication":"Elevated total cholesterol levels are associated with an increased risk of atherosclerosis and cardiovascular diseases.","recommendations":"Adopt a heart-healthy diet low in saturated fats, increase physical activity, and consult a healthcare provider for possible cholesterol-lowering medications."},{"metric_name":"LDL Cholesterol","value_and_range":"122 mg/dL vs. 0–100 mg/dL","definition":"Low-density lipoprotein cholesterol often referred to as ''bad'' cholesterol, which can deposit in artery walls.","implication":"High LDL cholesterol levels increase the risk of plaque buildup in arteries, leading to cardiovascular disease.","recommendations":"Reduce dietary intake of trans fats and cholesterol, consider plant sterols and stanols, and discuss potential statin therapy with a healthcare provider."},{"metric_name":"HDL Cholesterol","value_and_range":"34 mg/dL vs. 0–100 mg/dL","definition":"High-density lipoprotein cholesterol, known as ''good'' cholesterol, helps remove other cholesterol forms from the bloodstream.","implication":"Low HDL cholesterol may increase the risk of heart disease, as it plays a protective role by transporting cholesterol to the liver for excretion.","recommendations":"Increase physical activity, quit smoking, and consider a Mediterranean-style diet rich in healthy fats like those from fish and nuts."}],"recommendations":["Engage in regular cardiovascular exercise such as brisk walking or cycling at least 150 minutes per week.","Adopt a diet rich in fruits, vegetables, whole grains, lean proteins, and heart-healthy fats like omega-3 fatty acids.","Regularly monitor lipid levels every 4-6 months to assess effectiveness of lifestyle modifications and make necessary adjustments."]}', 'gpt-4o', 0, '2025-08-24T17:13:39.171Z', 1);
INSERT INTO ai_outputs_log (id, user_id, output_type, prompt, response, model_version, processing_time_ms, created_at, system_id) VALUES (12, 1, 'system_insights', 'system_id:12', '{"system_status":"At Risk","summary_insight":"The analysis of both lab metrics and visual studies indicates concerns related to corneal parameters. Lab metrics reveal several keratometry measurements within abnormal ranges, particularly indicating steep curvature and a high keratoconus probability. The visual study further correlates these findings, showing central corneal steepening with a high refractive power that aligns with the suspicion of keratoconus. There is a notable progression compared to earlier data, highlighting a worsening in corneal topography that corroborates increased curvature and keratoconus risk.","out_of_range_metrics":[{"metric_name":"Kprob (Keratoconus Probability)","value_and_range":"100% vs. 0–100%","definition":"Probability indicator of keratoconus severity based on corneal topography","implication":"A 100% value suggests a high certainty of keratoconus presence, which could lead to vision distortion and progressive myopia.","recommendations":"Consult with an ophthalmologist for a comprehensive assessment and potential interventions such as corneal cross-linking."},{"metric_name":"CLMIaa (Corneal Lenticule Maximum Apex Asymmetry)","value_and_range":"7.28 D vs. 0–100 D","definition":"Measures asymmetry in corneal shape, often increased in keratoconus","implication":"Higher values can indicate corneal irregularity, common in keratoconus, affecting visual clarity.","recommendations":"Consider corrective lenses or surgical assessment to manage asymmetry."},{"metric_name":"Coma Zernike","value_and_range":"1.32 D vs. 0–100 D","definition":"Measures the degree of coma aberration in the eye''s optics","implication":"Elevated levels could contribute to visual symptoms like halos or glare, typical in keratoconus.","recommendations":"Evaluation for advanced corrective measures or customized lens solutions to address the visual aberration."}],"recommendations":["Schedule a consultation with a keratoconus specialist for potential treatments such as corneal cross-linking.","Consider the use of rigid gas permeable contact lenses to improve vision quality by addressing corneal irregularity.","Regular monitoring of keratometry and topographical studies to track disease progression and adjust treatment as needed."]}', 'gpt-4o', 0, '2025-08-24T17:17:47.186Z', 12);
INSERT INTO ai_outputs_log (id, user_id, output_type, prompt, response, model_version, processing_time_ms, created_at, system_id) VALUES (13, 1, 'system_insights', 'system_id:6', '{"system_status":"Optimal","summary_insight":"Upon reviewing the provided laboratory data for the digestive system, with metrics labeled under ''Astigmatism'' which seems misplaced under the digestive category, all values are well within the purported normal ranges. There are no associated visual studies provided for cross-referencing or imaging insights. Given the lab metrics, all values fall significantly below the upper boundaries of their respective ranges, suggesting no immediate concerns in the context evaluated.","out_of_range_metrics":[],"recommendations":["Ensure that the labeling of metrics corresponds correctly to the digestive system; investigate possible data categorization errors.","Maintain regular health check-ups to monitor any unexpected changes in digestive health, considering no imaging studies are present.","Verify and cross-check future lab metrics with applicable imaging studies to improve assessment accuracy."]}', 'gpt-4o', 0, '2025-08-24T17:17:51.017Z', 6);
INSERT INTO ai_outputs_log (id, user_id, output_type, prompt, response, model_version, processing_time_ms, created_at, system_id) VALUES (14, 1, 'system_insights', 'system_id:1', '{"system_status":"At Risk","summary_insight":"The cardiovascular system shows potential risk factors due to elevated LDL cholesterol levels. Additionally, the HDL cholesterol, which is protective of heart health, is at the lower end and falls below what is typically considered optimal, further increasing cardiovascular risk. No visual study data was provided to complement or contrast with these findings.","out_of_range_metrics":[{"metric_name":"LDL Cholesterol","value_and_range":"122 mg/dL vs. 0–100 mg/dL","definition":"Low-Density Lipoprotein (LDL) cholesterol, often referred to as ''bad'' cholesterol, can accumulate in the walls of blood vessels and contribute to atherosclerosis.","implication":"Elevated LDL levels are associated with an increased risk of atherosclerosis and cardiovascular disease.","recommendations":"Consider dietary adjustments to reduce saturated fat and cholesterol intake, engage in regular physical activity, and consult with a healthcare provider about possible medication to manage cholesterol levels."},{"metric_name":"HDL Cholesterol","value_and_range":"34 mg/dL vs. 0–100 mg/dL","definition":"High-Density Lipoprotein (HDL) cholesterol, known as ''good'' cholesterol, helps remove other forms of cholesterol from the bloodstream.","implication":"Low HDL levels can reduce the body''s ability to clear cholesterol effectively, leading to higher cardiovascular risk.","recommendations":"Increase physical activity, particularly aerobic exercise; incorporate healthy fats, such as those found in olive oil and fish; and avoid trans fats to improve HDL levels."}],"recommendations":["Monitor lipid levels regularly and consider lifestyle modifications like increasing physical activity and adopting a heart-healthy diet.","Discuss with a healthcare provider about the need for therapeutic interventions, such as statins, to manage elevated LDL cholesterol.","Implement dietary changes to increase intake of omega-3 fatty acids and fiber to promote better cardiovascular health."]}', 'gpt-4o', 0, '2025-08-24T17:17:56.841Z', 1);
INSERT INTO ai_outputs_log (id, user_id, output_type, prompt, response, model_version, processing_time_ms, created_at, system_id) VALUES (15, 1, 'system_insights', 'system_id:12', '{"system_status":"High Risk","summary_insight":"The sensory system, particularly the visual aspect, displays significant concerns that suggest abnormal corneal features, potentially indicative of keratoconus. Several metrics, both lab and imaging, reveal irregularities including high Coma Zernike values, significant astigmatism, and corneal thinning, highlighted by the AI summary from the keratometry and topography studies. These findings are consistent with keratoconus, as suggested by the keratometry exam showing central corneal steepening and elevated refractive power. The persistently high keratoconus probability score further reinforces the risk assessment.","out_of_range_metrics":[{"metric_name":"Cylinder OS","value_and_range":"-3.75 vs. 0–100","definition":"Cylindrical power measures the degree of astigmatism in the eye","implication":"High values point towards significant astigmatism, associated with irregular corneal shape","recommendations":"Eye examination including corneal topography; consider corrective lenses or surgical options"},{"metric_name":"Cylinder OD","value_and_range":"-3.75 vs. 0–100","definition":"Cylindrical power measures the degree of astigmatism in the eye","implication":"High values indicate severe astigmatism, potentially affecting vision clarity","recommendations":"Comprehensive ophthalmological evaluation and prescription of corrective lenses"},{"metric_name":"Coma Zernike","value_and_range":"1.32 D vs. 0–100 D","definition":"Coma is an optical aberration that affects the clarity of vision, particularly at night","implication":"Elevated comalike aberrations may indicate structural corneal irregularities such as keratoconus","recommendations":"Consult an ophthalmologist for possible corrective procedures like cross-linking"},{"metric_name":"Kprob","value_and_range":"100% vs. 0–100%","definition":"Probability percentage indicating risk of keratoconus","implication":"Maximum probability indicates high risk for keratoconus development","recommendations":"Further investigations such as corneal mapping and genetic testing if available"},{"metric_name":"Pachymetry Thinnest","value_and_range":"475 µm vs. 0–100 µm","definition":"Measures the thinnest point of the cornea","implication":"Thinner corneas are indicative of keratoconus or corneal dystrophies","recommendations":"Regular follow-up with pachymetry tests for monitoring progression"}],"recommendations":["Schedule regular eye examinations to monitor corneal curvature and astigmatism changes over time.","Consider corrective options including rigid contact lenses or surgical interventions like corneal cross-linking if keratoconus is confirmed.","Engage in lifestyle changes to avoid activities that could exacerbate eye strain or damage, such as reducing screen time and avoiding eye rubbing.","Consult an ophthalmologist for potential genetic testing and evaluation of family history for hereditary eye conditions related to keratoconus."]}', 'gpt-4o', 0, '2025-08-24T17:22:48.113Z', 12);
INSERT INTO ai_outputs_log (id, user_id, output_type, prompt, response, model_version, processing_time_ms, created_at, system_id) VALUES (16, 1, 'system_insights', 'system_id:12', '{"system_status":"At Risk","summary_insight":"The evaluation of sensory system data reveals significant myopic astigmatism in both eyes with sphere and cylinder metrics showing myopia and high astigmatism. Visual studies through keratometry and eye topography have identified central corneal steepening and high refractive power, suggests the potential presence of keratoconus. Lab metrics such as Sphere OD/OS and Cylinder OD/OS are highly abnormal and align with findings from imaging studies, pointing to structural changes in the cornea. These suggest an overall elevated risk for the development of corneal ectasia or keratoconus.","out_of_range_metrics":[{"metric_name":"Sphere OD","value_and_range":"-0.75 vs. 0–100","definition":"The sphere measures the degree of myopia or hyperopia.","implication":"A negative sphere value indicates myopia, suggesting that the eye is focused at a point in front of the retina, resulting in blurred distance vision.","recommendations":"Correction with appropriate spectacle or contact lens prescription to improve visual acuity."},{"metric_name":"Cylinder OD","value_and_range":"-3.75 vs. 0–100","definition":"The cylinder value measures the degree of astigmatism in the eye.","implication":"A high negative cylinder value indicates significant astigmatism, which means the cornea or lens has an irregular shape causing blurred or distorted vision.","recommendations":"Spectacle correction with cylindrical lenses or consideration of toric contact lenses for vision correction."},{"metric_name":"Sphere OS","value_and_range":"-0.75 vs. 0–100","definition":"The sphere measures the degree of myopia or hyperopia.","implication":"Similar to OD, indicates myopic condition requiring vision correction.","recommendations":"Regular eye exams and optical correction as needed."},{"metric_name":"Cylinder OS","value_and_range":"-3.75 vs. 0–100","definition":"The cylinder value measures the degree of astigmatism in the eye.","implication":"Highly elevated, indicating potential corneal irregularity contributing to visual disturbances.","recommendations":"Corneal imaging analysis regularly and vision correction via specialized lenses."},{"metric_name":"Keratometry (Flat K)","value_and_range":"41.37 D from visual study vs. variation","definition":"Flat K refers to the flatter meridian of the cornea measured in diopters.","implication":"A lower-than-expected steepness can be indicative of thinning in that meridian, suggesting changes consistent with keratoconus.","recommendations":"Close monitoring with advanced corneal imaging; consider consultation for corneal cross-linking if progression is noted."}],"recommendations":["Schedule regular follow-up appointments with an ophthalmologist to monitor changes in corneal structure and function.","Consider getting a comprehensive corneal mapping and topography analysis for a more detailed assessment of corneal shape and thickness variations.","Discuss potential treatment options such as customized contact lenses or corneal cross-linking with an eye care specialist.","Ensure regular updates and adjustments to corrective lenses to maintain optimal vision quality given the progressive nature of detected abnormalities.","Implement protective measures against environmental factors that could exacerbate ocular surface conditions, including the use of protective eyewear."]}', 'gpt-4o', 0, '2025-08-24T17:36:45.644Z', 12);
INSERT INTO ai_outputs_log (id, user_id, output_type, prompt, response, model_version, processing_time_ms, created_at, system_id) VALUES (17, 1, 'system_insights', 'system_id:6', '{"system_status":"Optimal","summary_insight":"The provided lab metrics, associated with the digestive system but clearly mislabeled with optical terms like Astigmatism and LT (usually ophthalmological metrics), all fall within the provided normal range of 0 to 100. Since no actual digestive-related metrics or imaging studies are present in the dataset, the system status remains Optimal based on available data. It is important to verify the data source for accuracy, as the metrics appear unrelated to their specified system context.","out_of_range_metrics":[],"recommendations":["Verify that lab metrics are correctly associated with the intended biological system, as there may be a clerical error.","Consider additional testing specific to the digestive system if this was your intended focus, including relevant labs like liver function tests or vitamin absorption levels.","Ensure the context of lab data aligns with expected physiological parameters to avoid misinterpretation."]}', 'gpt-4o', 0, '2025-08-24T17:36:49.397Z', 6);
INSERT INTO ai_outputs_log (id, user_id, output_type, prompt, response, model_version, processing_time_ms, created_at, system_id) VALUES (18, 1, 'system_insights', 'system_id:2', '{"system_status":"High Risk","summary_insight":"The lab metrics for the nervous/brain system indicate central corneal thickness (CCT) values significantly exceeding the upper normal limit, suggesting potential edema or other pathological changes. The lack of visual study data limits further insights into structural or functional implications commonly observable through imaging techniques.","out_of_range_metrics":[{"metric_name":"CCT","value_and_range":"487 µm vs. 0–100 µm","definition":"Central Corneal Thickness (CCT) measures the thickness of the central part of the cornea.","implication":"Values significantly above the normal range may indicate corneal edema or other abnormalities affecting corneal structure and potentially intraocular pressure or neurological conditions.","recommendations":"Consider further diagnostic evaluations to identify underlying causes, such as corneal imaging or an ophthalmic consultation."},{"metric_name":"CCT","value_and_range":"467 µm vs. 0–100 µm","definition":"Central Corneal Thickness (CCT) measures the thickness of the central part of the cornea.","implication":"Similar to the other value, this elevated measurement may signal abnormal corneal conditions likely needing further assessment.","recommendations":"Promptly follow up with additional diagnostic tests or specialist evaluations to determine underlying issues."}],"recommendations":["Schedule a comprehensive eye examination, including corneal imaging, to understand the cause of abnormal CCT values.","Consult with a neurologist or ophthalmologist to assess potential nervous system impacts associated with elevated CCT.","Consider repeating the CCT measurement to confirm findings and assess trends over time.","Evaluate for any systemic conditions that could contribute to corneal changes, such as diabetes or hypertension.","Ensure patient is aware of any symptoms like visual changes, discomfort, or headaches, and monitor accordingly."]}', 'gpt-4o', 0, '2025-08-24T17:36:56.250Z', 2);
INSERT INTO ai_outputs_log (id, user_id, output_type, prompt, response, model_version, processing_time_ms, created_at, system_id) VALUES (19, 1, 'system_insights', 'system_id:1', '{"system_status":"At Risk","summary_insight":"The cardiovascular system shows multiple concerning lab metrics, including elevated LDL cholesterol and triglycerides, which could predispose to atherosclerotic cardiovascular disease. No visualization study data is provided, leaving important contextual information about vascular health unassessed. Overall, despite the absence of imaging findings, the increased cholesterol parameters suggest a need for lifestyle modification and potential medical intervention to manage cardiovascular risk.","out_of_range_metrics":[{"metric_name":"Cholesterol, Total","value_and_range":"178 mg/dL vs. 0–100 mg/dL","definition":"A measure of the total amount of cholesterol in the blood, including LDL, HDL, and VLDL.","implication":"Elevated total cholesterol increases the risk for developing cardiovascular diseases.","recommendations":"Adopt a heart-healthy diet, increase physical activity, consider cholesterol-lowering medications after consultation with a healthcare provider."},{"metric_name":"Triglycerides","value_and_range":"116 mg/dL vs. 0–100 mg/dL","definition":"A type of fat found in the blood, high levels can lead to cardiovascular disease.","implication":"Elevated triglycerides can contribute to atherosclerosis, increasing risk for heart attack and stroke.","recommendations":"Reduce caloric intake, prioritize fiber-rich foods, increase exercise, and consider omega-3 fatty acid supplementation."},{"metric_name":"LDL Cholesterol","value_and_range":"104, 122 mg/dL vs. 0–100 mg/dL","definition":"Low-density lipoprotein cholesterol, often referred to as ''bad'' cholesterol, which can accumulate on artery walls.","implication":"High LDL cholesterol levels are a major risk factor for coronary artery disease.","recommendations":"Limit saturated fat intake, increase physical activity, and discuss statin use with healthcare provider."}],"recommendations":["Implement a diet low in saturated fats and high in fruits, vegetables, and whole grains to reduce LDL levels.","Engage in regular physical activity, aiming for at least 150 minutes of moderate aerobic exercise weekly to improve lipid profile.","Discuss regular lipid monitoring and potential pharmacotherapy with a healthcare provider to manage elevated cholesterol levels effectively."]}', 'gpt-4o', 0, '2025-08-24T17:37:03.205Z', 1);
INSERT INTO ai_outputs_log (id, user_id, output_type, prompt, response, model_version, processing_time_ms, created_at, system_id) VALUES (20, 1, 'system_insights', 'system_id:12', '{"system_status":"At Risk","summary_insight":"The analysis of the sensory system indicates significant deviations in measurements related to eye refractive indices, specifically high cylinder values and associated astigmatism in both eyes. Additionally, the composite data from lab metrics and visual studies suggest possible structural changes in the cornea such as central steepening and potential keratoconus. Although the visual acuity is managed (20/20 OU), the refractive parameters indicate underlying concerns needing proactive management.","out_of_range_metrics":[{"metric_name":"Cylinder OD","value_and_range":"-3.75 vs. 0–100","definition":"Measurement of the astigmatism in the right eye; indicates the degree of cylindrical error and distortion of corneal shape.","implication":"Significant cylinder power suggesting marked astigmatism, potentially leading to blurred vision and visual discomfort.","recommendations":"Consider corrective lenses tailored to astigmatism and regular follow-up to monitor changes."},{"metric_name":"Cylinder OS","value_and_range":"-3.75 vs. 0–100","definition":"Measurement of the astigmatism in the left eye; similar to Cylinder OD, it measures the extent of corneal distortion.","implication":"Similar to OD, high value indicates considerable astigmatism that may affect vision quality.","recommendations":"Fitting for corrective lenses and regular eye examinations are recommended to manage and track progress."},{"metric_name":"Keratometry Sim K","value_and_range":"45.87 D vs. standard normal appearance","definition":"Sim K measures the curvature of the cornea''s surface; values above standard suggest steepening.","implication":"Incremental steepening may suggest developing keratoconus, a condition that distorts vision.","recommendations":"Further diagnostic imaging, possibly a corneal topography, and consultations with a specialist are recommended."}],"recommendations":["Schedule routine comprehensive eye exams to monitor changes in corneal structure and refractive indices.","Consider corrective lenses or contact lenses specifically designed for astigmatism to improve visual acuity and comfort.","Consult with an ophthalmologist to evaluate for keratoconus and consider cross-linking or other interventions if necessary.","Use protective eyewear during activities that could potentially injure the eyes, emphasizing preventive care."]}', 'gpt-4o', 0, '2025-08-24T17:38:15.796Z', 12);
INSERT INTO ai_outputs_log (id, user_id, output_type, prompt, response, model_version, processing_time_ms, created_at, system_id) VALUES (21, 1, 'system_insights', 'system_id:1', '{"system_status":"At Risk","summary_insight":"The cardiovascular system analysis reveals a pattern that suggests a risk profile mainly due to dyslipidemia evident from lab metrics. The Total Cholesterol is at 178 mg/dL, above the typical targeted range of less than 200 mg/dL for optimal cardiovascular health, despite normal LDL levels. Certain measures of lipid subtypes indicate potentially concerning trends, particularly with fluctuating LDL and HDL levels noted across different entries. The lack of visual studies limits insight into structural heart conditions or existing cardiac risk identified through imaging. Overall, the combination of elevated cholesterol components suggests the need to address cardiovascular risk factors proactively.","out_of_range_metrics":[{"metric_name":"Cholesterol, Total","value_and_range":"178 mg/dL vs. 0–100 mg/dL","definition":"Total cholesterol measures the combined level of cholesterol within the blood, crucial for monitoring cardiovascular health.","implication":"Cholesterol level above the recommended healthy range is a risk factor for the development of atherosclerosis and cardiovascular diseases.","recommendations":"Adopt lifestyle changes like diet modifications and regular physical activity; consider evaluating the need for lipid-lowering therapies."},{"metric_name":"LDL Cholesterol","value_and_range":"122 mg/dL vs. 0–100 mg/dL","definition":"Low-Density Lipoprotein (LDL) cholesterol, often called ''bad cholesterol'', can contribute to plaque buildup in arteries.","implication":"Elevated LDL levels increase the risk of atherosclerosis and related cardiovascular events.","recommendations":"Focus on reducing saturated fat intake, potentially using medications like statins as advised by a healthcare provider."},{"metric_name":"HDL Cholesterol","value_and_range":"34 mg/dL vs. 40–60 mg/dL","definition":"High-Density Lipoprotein (HDL) cholesterol helps remove other forms of cholesterol from the bloodstream.","implication":"Low HDL levels can indicate a higher risk of heart disease as it suggests reduced protective cholesterol.","recommendations":"Increase intake of healthy fats found in foods like fish, nuts, and olive oil; engage in regular physical exercise."}],"recommendations":["Monitor cholesterol levels regularly to assess the effectiveness of lifestyle changes or interventions.","Enhance dietary intake rich in omega-3 fatty acids, which can improve lipid profiles.","Consult with a healthcare provider about starting or adjusting lipid-lowering medication if lifestyle modifications are insufficient in managing cholesterol levels."]}', 'gpt-4o', 0, '2025-08-25T06:24:17.813Z', 1);
INSERT INTO ai_outputs_log (id, user_id, output_type, prompt, response, model_version, processing_time_ms, created_at, system_id) VALUES (22, 1, 'system_insights', 'system_id:1', '{"system_status":"Mild Concern","summary_insight":"The lab metrics for the cardiovascular system show that LDL cholesterol is slightly above the recommended maximum value of 100 mg/dL, which can be a risk factor for cardiovascular disease. Total cholesterol, triglycerides, and HDL cholesterol are within the normal range, which is a positive aspect. There were no visual studies provided for this review; therefore, insights are based solely on lab data. Without imaging data, the assessment focuses mainly on lipid profiles and historical data from the ''AL'' metric, although its relevance may be unclear as it doesn''t align with standard cardiovascular metrics.","out_of_range_metrics":[{"metric_name":"LDL Cholesterol Calc","value_and_range":"104 mg/dL vs. 0–100 mg/dL","definition":"Low-Density Lipoprotein (LDL) cholesterol is often referred to as ''bad'' cholesterol, which can accumulate on the walls of blood vessels.","implication":"Elevated LDL cholesterol increases the risk of atherosclerosis, which can lead to heart disease and stroke.","recommendations":"Consider dietary changes such as reducing saturated fat intake and increasing physical activity. A healthcare provider may recommend a lipid-lowering medication."}],"recommendations":["Engage in regular cardiovascular exercise, such as walking or cycling, to improve cholesterol profiles.","Adopt a heart-healthy diet rich in fruits, vegetables, and whole grains while limiting intake of processed foods high in saturated fats.","Schedule regular follow-ups with a healthcare professional to monitor cholesterol levels and reassess cardiovascular risk."]}', 'gpt-4o', 0, '2025-08-25T06:28:27.319Z', 1);
INSERT INTO ai_outputs_log (id, user_id, output_type, prompt, response, model_version, processing_time_ms, created_at, system_id) VALUES (23, 1, 'system_insights', 'system_id:8', '{"system_status":"Optimal","summary_insight":"The urinary system analysis shows that both key lab metrics, Urea Nitrogen (BUN) and Creatinine, are within their respective normal ranges. Urea Nitrogen (BUN) is at 14 mg/dL and Creatinine is at 1.16 mg/dL, both well within the normal limits. No visual studies were provided for further assessment, making lab data the primary source for evaluation. Given the normal lab results, the urinary system appears to be functioning well with no current indications of dysfunction or stress.","out_of_range_metrics":[],"recommendations":["Maintain adequate hydration to support kidney function.","Schedule regular check-ups to monitor kidney health, especially if there are risk factors such as high blood pressure or diabetes.","Consider a diet that supports kidney health, which typically includes managing protein intake and reducing excess salt."]}', 'gpt-4o', 0, '2025-08-25T06:28:31.986Z', 8);
INSERT INTO ai_outputs_log (id, user_id, output_type, prompt, response, model_version, processing_time_ms, created_at, system_id) VALUES (24, 1, 'system_insights', 'system_id:7', '{"system_status":"Optimal","summary_insight":"The current assessment of the endocrine system is optimal based on lab metrics. The glucose level measurement is within the normal range, suggesting normal endocrine function in this aspect. No visual studies were available for integration, which limits a comprehensive view, but the lab results alone do not signal any immediate concerns.","out_of_range_metrics":[],"recommendations":["Continue regular monitoring of glucose levels to maintain optimal endocrine function.","Incorporate lifestyle choices such as a balanced diet and regular exercise to support overall endocrine health.","Consider periodic comprehensive evaluations, including both lab tests and imaging when possible, to ensure holistic endocrine system assessment."]}', 'gpt-4o', 0, '2025-08-25T06:28:34.485Z', 7);
INSERT INTO ai_outputs_log (id, user_id, output_type, prompt, response, model_version, processing_time_ms, created_at, system_id) VALUES (25, 1, 'system_insights', 'system_id:5', '{"system_status":"Optimal","summary_insight":"The available data focuses on the skeletal system, with key metrics being the calcium level. Current lab findings show calcium at 9.4 mg/dL. Unfortunately, it appears this is misreported, as normal calcium levels are typically in the range of 8.5 to 10.2 mg/dL. The value is within a normal range, suggesting normal bone metabolism and mineralization. No visual studies have been provided to further assess the skeletal structure or density, hence this current assessment remains based solely on the calcium metric.","out_of_range_metrics":[],"recommendations":["Ensure calcium levels are consistently within the normal physiological range through a balanced diet and possibly supplements if advised by a healthcare professional.","Consider periodic re-evaluation with visual studies (X-rays or DEXA scans) to monitor bone density if there''s a clinical reason to suspect bone density issues.","Maintain a regular physical exercise routine, focusing on weight-bearing activities to promote bone health."]}', 'gpt-4o', 0, '2025-08-25T06:28:38.885Z', 5);
INSERT INTO ai_outputs_log (id, user_id, output_type, prompt, response, model_version, processing_time_ms, created_at, system_id) VALUES (26, 1, 'system_insights', 'system_id:1', '{"system_status":"Mild Concern","summary_insight":"Based on the available data, the cardiovascular system analysis is generally within normal limits, with some metrics approaching the upper normal range. The total cholesterol is slightly above the typically desired threshold for cardiovascular health, as is the LDL cholesterol level, which is closely monitored in cardiovascular risk assessments. The visual study data appear to be consistent over time with measurements of an unspecified AL metric, which indicates stability but requires context not provided here. While there are no immediate high-risk indicators, the presence of cholesterol on the higher side of normal suggests a mild concern for potential cardiovascular risk over time.","out_of_range_metrics":[{"metric_name":"Cholesterol, Total","value_and_range":"178 mg/dL vs. 0–100 mg/dL","definition":"Total cholesterol measures the combined amount of low-density lipoprotein (LDL) cholesterol, high-density lipoprotein (HDL) cholesterol, and triglycerides in the blood.","implication":"Higher levels of total cholesterol can increase the risk of atherosclerosis and coronary heart disease.","recommendations":"Consider dietary modifications and increased physical activity to maintain heart health, and consult with a healthcare provider for tailored advice."},{"metric_name":"LDL Cholesterol","value_and_range":"104 mg/dL vs. 0–100 mg/dL","definition":"LDL cholesterol, often referred to as ''bad'' cholesterol, contributes to the formation of plaque, a thick, hard deposit that can clog arteries and lead to heart disease or stroke.","implication":"Higher LDL cholesterol levels are associated with increased risk of coronary artery disease.","recommendations":"Implement lifestyle changes such as reducing saturated and trans fats, engaging in regular cardiovascular exercise, and potentially discussing medication options with a healthcare provider if lifestyle modifications are insufficient."}],"recommendations":["Maintain a heart-healthy diet low in saturated fats and high in fiber to support optimal cholesterol levels.","Engage in regular physical activity, such as brisk walking for at least 150 minutes per week, as recommended by the American Heart Association.","Schedule regular follow-up appointments to monitor cholesterol levels and reevaluate cardiovascular risk factors annually."]}', 'gpt-4o', 0, '2025-08-25T11:17:42.592Z', 1);
INSERT INTO ai_outputs_log (id, user_id, output_type, prompt, response, model_version, processing_time_ms, created_at, system_id) VALUES (28, 1, 'system_insights', 'system_id:7', '{"system_status":"Optimal","summary_insight":"All available data for the endocrine system indicates that there are currently no abnormalities or concerns. The glucose level is within the normal range. No visual studies were provided, suggesting no imaging concerns were noted or relevant. Overall, the endocrine system appears to be functioning well based on the current data inputs.","out_of_range_metrics":[],"recommendations":["Continue regular monitoring of glucose levels to ensure they remain within the normal range.","Maintain a balanced diet and regular exercise to support overall endocrine health.","Consider periodic comprehensive check-ups, including additional endocrine-related imaging studies if clinically indicated, to monitor for any changes over time."]}', 'gpt-4o', 0, '2025-08-25T11:17:58.646Z', 7);
INSERT INTO ai_outputs_log (id, user_id, output_type, prompt, response, model_version, processing_time_ms, created_at, system_id) VALUES (29, 1, 'system_insights', 'system_id:5', '{"system_status":"Optimal","summary_insight":"The current assessment of the skeletal system, based on the available lab metric for calcium level, indicates an optimal status. The calcium level is measured at 9.2 mg/dL, which falls well within the typical normal range for adults (8.5–10.2 mg/dL). No visual studies are provided to further assess bone structure or density, but given the calcium findings, there is no immediate indication of skeletal health concerns such as osteoporosis or other metabolic bone diseases.","out_of_range_metrics":[],"recommendations":["Maintain adequate dietary calcium intake to support bone health.","Engage in regular weight-bearing exercises to promote bone density.","Ensure sufficient Vitamin D levels, which facilitate calcium absorption, potentially through safe sunlight exposure or supplements."]}', 'gpt-4o', 0, '2025-08-25T11:18:03.286Z', 5);
INSERT INTO ai_outputs_log (id, user_id, output_type, prompt, response, model_version, processing_time_ms, created_at, system_id) VALUES (30, 1, 'system_insights', 'system_id:6', '{"system_status":"Optimal","summary_insight":"After analyzing the available lab metrics, all values are within the specified normal range for the digestive system. The current lab metrics, focusing on albumin, globulin ratio, and others listed as ''digestive,'' show no critical out-of-range values, indicating proper digestive protein processing. However, there seems to be a misalignment with the context of some metrics—such as Astigmatism—which are related to the ocular system and irrelevant to digestive function. With no visual studies provided for digestive function analysis, no further integration is possible at this time.","out_of_range_metrics":[],"recommendations":["Confirm the accuracy and relevance of lab data entries for the correct biological system diagnosis.","Monitor nutrient intake and overall digestive health through routine check-ups to ensure continued wellbeing.","Maintain a balanced diet rich in proteins to support optimal albumin and protein levels, which are crucial for digestive health."]}', 'gpt-4o', 0, '2025-08-25T11:18:12.390Z', 6);
INSERT INTO ai_outputs_log (id, user_id, output_type, prompt, response, model_version, processing_time_ms, created_at, system_id) VALUES (31, 1, 'system_insights', 'system_id:11', '{"system_status":"Mild Concern","summary_insight":"The lab metrics for the immune system indicate that Globulin levels are significantly below the normal range. Globulins are a group of proteins in the blood, playing a pivotal role in liver function, blood clotting, and fighting infection. The complete lack of visual studies prevents an assessment of organ anatomy or potential structural changes that could further clarify immune or inflammatory status. While no imaging findings are available to corroborate the lab data, the marked deviation of the Globulin level warrants attention as it could pertain to immune insufficiency.","out_of_range_metrics":[{"metric_name":"Globulin","value_and_range":"2.5 g/dL vs. 0–100 g/dL","definition":"Globulin is a key protein group in the blood related to immunity and transport functions.","implication":"A low globulin level could indicate issues such as liver dysfunction, malnutrition, or certain types of kidney disease, potentially impacting immune system efficacy.","recommendations":"Consider follow-up testing to evaluate related proteins like albumin and liver function tests. Additionally, assess dietary protein intake and potential gastrointestinal malabsorption issues."}],"recommendations":["Follow-up with comprehensive metabolic panel and liver function tests to further evaluate potential underlying causes.","Consider dietary review to ensure adequate protein intake and absorption.","Monitor for symptoms of immune deficiency and consider a referral to a specialist for further assessment if indicated."]}', 'gpt-4o', 0, '2025-08-25T11:18:18.355Z', 11);
INSERT INTO ai_outputs_log (id, user_id, output_type, prompt, response, model_version, processing_time_ms, created_at, system_id) VALUES (32, 1, 'system_insights', 'system_id:1', '{"system_status":"At Risk","summary_insight":"The cardiovascular system''s assessment reveals primarily elevated LDL cholesterol and related particles that indicate potential cardiovascular risk. The LDL cholesterol is above the ideal range noted at 151 mg/dL in February 2025. Total cholesterol and non-HDL cholesterol also show elevated levels above desirable thresholds. Such elevations can lead to atherosclerotic cardiovascular disease if not managed. Although some metrics fall within the normal range, these elevations suggest an increased risk for heart disease given the lab metrics trends over time. Visual study data was not provided, thus limiting the resolution of certain assessments.","out_of_range_metrics":[{"metric_name":"LDL Calculated","value_and_range":"151 mg/dL vs. 0–100 mg/dL","definition":"Low-density lipoprotein cholesterol, a form of cholesterol linked to atherosclerosis.","implication":"Elevated LDL cholesterol can increase the risk of developing plaque buildup in arteries, leading to heart disease or stroke.","recommendations":"Consider dietary adjustments such as reducing saturated fat, increasing physical activity, and potentially discussing statin therapy with a healthcare provider for management."},{"metric_name":"Apolipoprotein B","value_and_range":"130 mg/dL vs. 0–100 mg/dL","definition":"Apolipoprotein B is a protein that is part of LDL particles and indicates the number of atherogenic particles.","implication":"High levels are associated with a greater risk of cardiovascular diseases due to the increased number of potentially atherogenic lipoproteins.","recommendations":"Further lipid panel refinement is necessary; consider interventions like dietary modifications or medication to lower atherogenic lipoprotein levels."},{"metric_name":"LDL, SMALL","value_and_range":"333 nmol/L vs. 0–100 nmol/L","definition":"Small LDL particles are a subfraction of LDL cholesterol that is considered more atherogenic.","implication":"Higher levels of small LDL particles may increase cardiovascular risk as they are more prone to penetrate arterial walls and cause damage.","recommendations":"Lifestyle changes including increased physical activity, reducing carbohydrate intake, and potentially pharmaceutical intervention may improve particle size distribution."},{"metric_name":"LDL, MEDIUM","value_and_range":"419 nmol/L vs. 0–100 nmol/L","definition":"Medium-sized LDL particles which also contribute to cardiovascular risk.","implication":"Presence of medium LDL particles can contribute to atherosclerosis due to their ability to oxidize more readily.","recommendations":"Evaluate diet, especially carbohydrates and sugars, and consider statins or other medications to improve overall lipid profile."}],"recommendations":["Focus on dietary changes to reduce overall cholesterol, such as increasing fiber intake and reducing saturated fat.","Regular cardiovascular exercise is recommended to enhance HDL levels and reduce LDL cholesterol.","Discuss with a healthcare provider the need for possible medication to manage elevated LDL cholesterol and ApoB.","Conduct follow-up lab work in six months to monitor changes in lipid profile and adjust treatment plans accordingly."]}', 'gpt-4o', 0, '2025-08-25T21:52:18.129Z', 1);
INSERT INTO ai_outputs_log (id, user_id, output_type, prompt, response, model_version, processing_time_ms, created_at, system_id) VALUES (33, 1, 'system_insights', 'system_id:8', '{"system_status":"Optimal","summary_insight":"The evaluation of the urinary system based on the provided lab metrics indicates that all measured parameters are well within the established normal ranges. There are no visual studies provided for additional insight; however, the comprehensive view from laboratory data alone suggests optimal functioning without immediate concerns for renal impairment or urinary issues.","out_of_range_metrics":[],"recommendations":["Maintain adequate hydration to ensure kidney function remains optimal and to support overall urinary health.","Continue regular monitoring of renal function tests to track any potential changes over time, especially if there are any new signs or symptoms.","Encourage lifestyle practices that promote cardiovascular health, as they often support urinary health, such as a balanced diet and regular physical activity."]}', 'gpt-4o', 0, '2025-08-25T21:52:25.551Z', 8);
INSERT INTO ai_outputs_log (id, user_id, output_type, prompt, response, model_version, processing_time_ms, created_at, system_id) VALUES (34, 1, 'system_insights', 'system_id:11', '{"system_status":"Optimal","summary_insight":"The lab metrics available for the Immune/Inflammation system include globulin levels and cardio CRP (C-reactive protein) levels, both of which fall within the designated normal ranges. Globulin is at 2.5 g/dL, and cardio CRP is at 0.8 mg/L, indicating typical immune system functioning and low levels of inflammation. There are no visual studies provided; thus, the current assessment relies solely on lab values, reinforcing an optimal assessment without any indicators of inflammation or immune system distress.","out_of_range_metrics":[],"recommendations":["Continue regular monitoring of globulin and CRP levels to ensure they remain within normal ranges.","Maintain a balanced diet rich in fruits, vegetables, and lean proteins to support immune health.","Engage in regular physical activity, which is known to help modulate inflammation and boost the immune response."]}', 'gpt-4o', 0, '2025-08-25T21:52:30.146Z', 11);
INSERT INTO ai_outputs_log (id, user_id, output_type, prompt, response, model_version, processing_time_ms, created_at, system_id) VALUES (35, 1, 'system_insights', 'system_id:2', '{"system_status":"Mild Concern","summary_insight":"The lab metrics for the Nervous/Brain system show that the LA PLA2 activity is within normal range, suggesting normal enzyme function involved in lipid metabolism and inflammatory response in the brain. However, there is a significant discrepancy in CCT (Central Corneal Thickness) values, which are notably higher than the normal range provided. Although no visual studies have been conducted that could offer more insights into potential anatomical or pathological changes, the outlier lab metric raises a mild concern about potential underlying issues impacting the corneal structural integrity, which can sometimes be associated with ocular or systemic disorders.","out_of_range_metrics":[{"metric_name":"CCT","value_and_range":"487 µm vs. 0–100 µm","definition":"Central Corneal Thickness is a measure of the thickness of the cornea, and deviations can indicate various ocular conditions.","implication":"The elevated CCT values are significantly above the normal upper limit, which may indicate corneal edema or other corneal pathologies. It could potentially relate to increased intraocular pressure or changes in corneal biomechanical properties, although further investigation would be needed to confirm such associations.","recommendations":"Consult an ophthalmologist for a comprehensive eye examination and consider further diagnostic imaging to accurately measure intraocular pressure and assess corneal health. Monitor for symptoms like visual changes or discomfort."},{"metric_name":"CCT","value_and_range":"467 µm vs. 0–100 µm","definition":"Central Corneal Thickness is a measure of the thickness of the cornea, associated with eye health.","implication":"Similar to the 487 µm reading, this measure is well above normal, potentially indicating risk factors for conditions such as glaucoma or keratoconus, if corroborated by symptoms or additional testing.","recommendations":"A follow-up appointment with an eye specialist is recommended to rule out or monitor for glaucoma and other corneal conditions. Consider regular follow-up measurements to track any changes over time."}],"recommendations":["Perform a detailed ophthalmic evaluation focusing on corneal health and intraocular pressure measurements to assess glaucoma risk.","Consider repeating CCT measurements using standardized clinical tools that can provide accurate and reproducible results.","Remain alert to any symptoms of visual disturbances or discomfort, and seek immediate medical attention if they occur."]}', 'gpt-4o', 0, '2025-08-25T21:52:40.077Z', 2);
INSERT INTO ai_outputs_log (id, user_id, output_type, prompt, response, model_version, processing_time_ms, created_at, system_id) VALUES (36, 1, 'system_insights', 'system_id:1', '{"system_status":"At Risk","summary_insight":"The cardiovascular system assessment reveals a need for concern primarily due to elevated LDL cholesterol levels and a high non-HDL cholesterol level, which are both above the ideal range. LDL at the latest measurement is 104 mg/dL (recent) and previously 151 mg/dL, both of which indicate potential for cardiovascular disease if persistent. Non-HDL cholesterol was noted to be 174 mg/dL, which is also above the standard risk threshold. The lab values present a shifting but consistent trend of lipid imbalances. No visual studies were available to supplement this data, hence analysis is based solely on lab metrics.","out_of_range_metrics":[{"metric_name":"LDL","value_and_range":"104 mg/dL vs. 0–100 mg/dL","definition":"Low-Density Lipoprotein (LDL) measures ''bad'' cholesterol that can accumulate in arteries.","implication":"Elevated LDL is associated with an increased risk of atherosclerotic cardiovascular diseases.","recommendations":"Consider dietary changes to lower LDL, and possibly discuss medication options with a healthcare provider."},{"metric_name":"LDL","value_and_range":"151 mg/dL vs. 0–100 mg/dL","definition":"Low-Density Lipoprotein (LDL) measures ''bad'' cholesterol that can accumulate in arteries.","implication":"A significantly high LDL level increases the risk for plaque build-up and cardiovascular complications.","recommendations":"Immediate dietary modifications, increased physical activity, and consultation for potential pharmacotherapy are recommended."},{"metric_name":"NON-HDL CHOLESTEROL","value_and_range":"174 mg/dL vs. 0–100 mg/dL","definition":"Non-HDL cholesterol includes all potentially atherogenic lipoprotein particles.","implication":"Higher levels indicate an increased overall cardiovascular risk, encompassing all forms of LDL.","recommendations":"Focus on comprehensive lipid management including lifestyle changes and, if needed, medication."},{"metric_name":"Apolipoprotein B","value_and_range":"130 mg/dL vs. 0–100 mg/dL","definition":"Apolipoprotein B is a component of LDL and is a marker of particle number.","implication":"High values suggest a high number of atherogenic particles, increasing cardiovascular risk.","recommendations":"Monitor regularly and address through lifestyle and possibly medication adjustments."},{"metric_name":"LDL PARTICLES, TOTAL","value_and_range":"2144 nmol/L vs. 0–100 nmol/L","definition":"Measures the total number of LDL particles, reflective of cardiovascular risk.","implication":"Very high particle count correlates with increased cardiovascular risk.","recommendations":"Seek frequent monitoring and engage in interventions aimed at reducing LDL particles."}],"recommendations":["Consider modifying diet to include more heart-healthy foods such as vegetables, fruits, whole grains, and lean proteins, which may naturally lower LDL cholesterol.","Engage in regular physical activity, such as at least 150 minutes of moderate-intensity exercise per week, to improve cardiovascular health.","Discuss with a healthcare provider regarding starting or adjusting lipid-lowering medications to manage cholesterol levels effectively.","Regular follow-up tests to monitor lipid levels, particularly LDL and non-HDL cholesterol, and adjust interventions as necessary.","Evaluate lifestyle factors, including smoking cessation and stress management, which can independently impact cardiovascular risk."]}', 'gpt-4o', 0, '2025-08-25T21:54:05.436Z', 1);

-- Table: daily_plans
-- Columns: 6
-- Rows: 0

-- Table: health_systems
-- Columns: 4
-- Rows: 13

-- Data for health_systems
INSERT INTO health_systems (id, name, description, created_at) VALUES (1, 'Cardiovascular', 'Heart and blood vessel health', '2025-08-21T18:25:25.618Z');
INSERT INTO health_systems (id, name, description, created_at) VALUES (2, 'Nervous/Brain', 'Cognitive and neurological function', '2025-08-21T18:25:25.676Z');
INSERT INTO health_systems (id, name, description, created_at) VALUES (3, 'Respiratory', 'Lung and breathing function', '2025-08-21T18:25:25.733Z');
INSERT INTO health_systems (id, name, description, created_at) VALUES (4, 'Muscular', 'Muscle mass and strength', '2025-08-21T18:25:25.789Z');
INSERT INTO health_systems (id, name, description, created_at) VALUES (5, 'Skeletal', 'Bone health and density', '2025-08-21T18:25:25.846Z');
INSERT INTO health_systems (id, name, description, created_at) VALUES (6, 'Digestive', 'Gut health and liver function', '2025-08-21T18:25:25.903Z');
INSERT INTO health_systems (id, name, description, created_at) VALUES (7, 'Endocrine', 'Hormone regulation and metabolism', '2025-08-21T18:25:25.960Z');
INSERT INTO health_systems (id, name, description, created_at) VALUES (8, 'Urinary', 'Kidney and urinary function', '2025-08-21T18:25:26.017Z');
INSERT INTO health_systems (id, name, description, created_at) VALUES (9, 'Reproductive', 'Reproductive hormone health', '2025-08-21T18:25:26.076Z');
INSERT INTO health_systems (id, name, description, created_at) VALUES (10, 'Integumentary', 'Skin, hair, and nail health', '2025-08-21T18:25:26.132Z');
INSERT INTO health_systems (id, name, description, created_at) VALUES (11, 'Immune/Inflammation', 'Immune system and inflammation markers', '2025-08-21T18:25:26.189Z');
INSERT INTO health_systems (id, name, description, created_at) VALUES (12, 'Sensory', 'Vision, hearing, and sensory function', '2025-08-21T18:25:26.248Z');
INSERT INTO health_systems (id, name, description, created_at) VALUES (13, 'Genetics & Biological Age', 'Cellular aging and longevity markers', '2025-08-21T18:25:26.304Z');

-- Table: imaging_studies
-- Columns: 14
-- Rows: 4

-- Data for imaging_studies
INSERT INTO imaging_studies (id, user_id, linked_system_id, study_type, file_url, thumbnail_url, test_date, ai_summary, metrics_json, comparison_summary, metric_changes_json, status, created_at, updated_at) VALUES (1, 1, 12, 'keratometry', 'uploads/1756055769037-keramotery exam 11-15-2024.jpeg', 'uploads/thumbnails/thumb_1756055769037-keramotery exam 11-15-2024.jpg', '2024-11-15T00:00:00.000Z', 'The keratometry exam shows regular astigmatism with normal corneal curvature. Measurements indicate a steep K of 45.87 D and a flat K of 41.37 D.', [object Object],[object Object],[object Object],[object Object], NULL, NULL, 'processed', '2025-08-24T17:16:14.519Z', '2025-08-24T17:16:14.519Z');
INSERT INTO imaging_studies (id, user_id, linked_system_id, study_type, file_url, thumbnail_url, test_date, ai_summary, metrics_json, comparison_summary, metric_changes_json, status, created_at, updated_at) VALUES (2, 1, 12, 'eye_topography', 'uploads/1756055789453-keratometry exam nov 2024 1.jpeg', 'uploads/thumbnails/thumb_1756055789453-keratometry exam nov 2024 1.jpg', '2024-11-15T00:00:00.000Z', 'The keratometry exam shows central corneal steepening with high refractive power, suggesting possible keratoconus.', [object Object],[object Object],[object Object],[object Object],[object Object],[object Object], NULL, NULL, 'processed', '2025-08-24T17:16:35.366Z', '2025-08-24T17:16:35.366Z');
INSERT INTO imaging_studies (id, user_id, linked_system_id, study_type, file_url, thumbnail_url, test_date, ai_summary, metrics_json, comparison_summary, metric_changes_json, status, created_at, updated_at) VALUES (3, 1, 12, 'keratometry', 'uploads/1756057006927-keramotery exam 11-15-2024.jpeg', 'uploads/thumbnails/thumb_1756057006927-keramotery exam 11-15-2024.jpg', '2024-11-15T00:00:00.000Z', 'The keratometry exam shows regular astigmatism with normal corneal curvature. Measurements indicate a steep K of 43.98 D and a flat K of 41.76 D.', [object Object],[object Object],[object Object],[object Object],[object Object],[object Object], 'Comparison analysis unavailable', , 'processed', '2025-08-24T17:36:54.805Z', '2025-08-24T17:36:58.778Z');
INSERT INTO imaging_studies (id, user_id, linked_system_id, study_type, file_url, thumbnail_url, test_date, ai_summary, metrics_json, comparison_summary, metric_changes_json, status, created_at, updated_at) VALUES (4, 1, 12, 'eye_topography', 'uploads/1756057021429-keratometry exam nov 2024 1.jpeg', 'uploads/thumbnails/thumb_1756057021429-keratometry exam nov 2024 1.jpg', '2024-11-15T00:00:00.000Z', 'The keratometry exam shows regular astigmatism with normal corneal curvature and consistent measurements across different zones.', [object Object],[object Object],[object Object],[object Object],[object Object], 'Comparison analysis unavailable', , 'processed', '2025-08-24T17:37:05.515Z', '2025-08-24T17:37:09.014Z');

-- Table: metrics
-- Columns: 12
-- Rows: 164

-- Data for metrics
INSERT INTO metrics (id, user_id, upload_id, system_id, metric_name, metric_value, metric_unit, reference_range, is_key_metric, is_outlier, test_date, created_at) VALUES (147, 1, 12, 12, 'Anterior Axial Curvature', '1.3375', 'n', '', false, false, '2024-05-06T00:00:00.000Z', '2025-08-24T17:12:13.161Z');
INSERT INTO metrics (id, user_id, upload_id, system_id, metric_name, metric_value, metric_unit, reference_range, is_key_metric, is_outlier, test_date, created_at) VALUES (148, 1, 12, 12, 'Coma FitZone', '1.32', 'D', '', false, false, '2024-05-06T00:00:00.000Z', '2025-08-24T17:12:13.233Z');
INSERT INTO metrics (id, user_id, upload_id, system_id, metric_name, metric_value, metric_unit, reference_range, is_key_metric, is_outlier, test_date, created_at) VALUES (149, 1, 12, 12, 'SimK', '46.62', 'D', '', false, false, '2024-05-06T00:00:00.000Z', '2025-08-24T17:12:13.291Z');
INSERT INTO metrics (id, user_id, upload_id, system_id, metric_name, metric_value, metric_unit, reference_range, is_key_metric, is_outlier, test_date, created_at) VALUES (150, 1, 12, 12, 'Flat SimK (K1)', '44.88', 'D', '', false, false, '2024-05-06T00:00:00.000Z', '2025-08-24T17:12:13.349Z');
INSERT INTO metrics (id, user_id, upload_id, system_id, metric_name, metric_value, metric_unit, reference_range, is_key_metric, is_outlier, test_date, created_at) VALUES (151, 1, 12, 12, 'Steep SimK (K2)', '48.37', 'D', '', false, false, '2024-05-06T00:00:00.000Z', '2025-08-24T17:12:13.407Z');
INSERT INTO metrics (id, user_id, upload_id, system_id, metric_name, metric_value, metric_unit, reference_range, is_key_metric, is_outlier, test_date, created_at) VALUES (153, 1, 12, 12, 'Mean K', '-7', 'D', '', false, false, '2024-05-06T00:00:00.000Z', '2025-08-24T17:12:13.523Z');
INSERT INTO metrics (id, user_id, upload_id, system_id, metric_name, metric_value, metric_unit, reference_range, is_key_metric, is_outlier, test_date, created_at) VALUES (154, 1, 12, 12, 'Flat K', '-6.5', 'D', '', false, false, '2024-05-06T00:00:00.000Z', '2025-08-24T17:12:13.581Z');
INSERT INTO metrics (id, user_id, upload_id, system_id, metric_name, metric_value, metric_unit, reference_range, is_key_metric, is_outlier, test_date, created_at) VALUES (155, 1, 12, 12, 'Steep K', '-7.51', 'D', '', false, false, '2024-05-06T00:00:00.000Z', '2025-08-24T17:12:13.639Z');
INSERT INTO metrics (id, user_id, upload_id, system_id, metric_name, metric_value, metric_unit, reference_range, is_key_metric, is_outlier, test_date, created_at) VALUES (156, 1, 12, 12, 'Mean TCPIOL', '45.23', 'D', '', false, false, '2024-05-06T00:00:00.000Z', '2025-08-24T17:12:13.700Z');
INSERT INTO metrics (id, user_id, upload_id, system_id, metric_name, metric_value, metric_unit, reference_range, is_key_metric, is_outlier, test_date, created_at) VALUES (157, 1, 12, 12, 'Flat TCPIOL', '43.77', 'D', '', false, false, '2024-05-06T00:00:00.000Z', '2025-08-24T17:12:13.758Z');
INSERT INTO metrics (id, user_id, upload_id, system_id, metric_name, metric_value, metric_unit, reference_range, is_key_metric, is_outlier, test_date, created_at) VALUES (158, 1, 12, 12, 'Steep TCPIOL', '46.69', 'D', '', false, false, '2024-05-06T00:00:00.000Z', '2025-08-24T17:12:13.816Z');
INSERT INTO metrics (id, user_id, upload_id, system_id, metric_name, metric_value, metric_unit, reference_range, is_key_metric, is_outlier, test_date, created_at) VALUES (159, 1, 12, 12, 'Pachymetry Thinnest', '475', 'µm', '', false, false, '2024-05-06T00:00:00.000Z', '2025-08-24T17:12:13.875Z');
INSERT INTO metrics (id, user_id, upload_id, system_id, metric_name, metric_value, metric_unit, reference_range, is_key_metric, is_outlier, test_date, created_at) VALUES (160, 1, 12, 12, 'Central Pachymetry', '502', 'µm', '', false, false, '2024-05-06T00:00:00.000Z', '2025-08-24T17:12:13.933Z');
INSERT INTO metrics (id, user_id, upload_id, system_id, metric_name, metric_value, metric_unit, reference_range, is_key_metric, is_outlier, test_date, created_at) VALUES (161, 1, 12, 12, 'ACV', '124', 'mm³', '', false, false, '2024-05-06T00:00:00.000Z', '2025-08-24T17:12:13.991Z');
INSERT INTO metrics (id, user_id, upload_id, system_id, metric_name, metric_value, metric_unit, reference_range, is_key_metric, is_outlier, test_date, created_at) VALUES (162, 1, 12, 12, 'ACD', '3.74', 'mm', '', false, false, '2024-05-06T00:00:00.000Z', '2025-08-24T17:12:14.049Z');
INSERT INTO metrics (id, user_id, upload_id, system_id, metric_name, metric_value, metric_unit, reference_range, is_key_metric, is_outlier, test_date, created_at) VALUES (163, 1, 12, 1, 'AL', '24.82', 'mm', '', false, false, '2024-05-06T00:00:00.000Z', '2025-08-24T17:12:14.107Z');
INSERT INTO metrics (id, user_id, upload_id, system_id, metric_name, metric_value, metric_unit, reference_range, is_key_metric, is_outlier, test_date, created_at) VALUES (164, 1, 12, 12, 'KPI', '88.2', '', '', false, false, '2024-05-06T00:00:00.000Z', '2025-08-24T17:12:14.165Z');
INSERT INTO metrics (id, user_id, upload_id, system_id, metric_name, metric_value, metric_unit, reference_range, is_key_metric, is_outlier, test_date, created_at) VALUES (165, 1, 12, 12, 'Kprob', '100', '%', '', false, false, '2024-05-06T00:00:00.000Z', '2025-08-24T17:12:14.224Z');
INSERT INTO metrics (id, user_id, upload_id, system_id, metric_name, metric_value, metric_unit, reference_range, is_key_metric, is_outlier, test_date, created_at) VALUES (166, 1, 12, 12, 'CLMIaa', '7.28', 'D', '', false, false, '2024-05-06T00:00:00.000Z', '2025-08-24T17:12:14.282Z');
INSERT INTO metrics (id, user_id, upload_id, system_id, metric_name, metric_value, metric_unit, reference_range, is_key_metric, is_outlier, test_date, created_at) VALUES (167, 1, 12, 12, 'Defocus', '-0.3', 'D', '', false, false, '2024-05-06T00:00:00.000Z', '2025-08-24T17:12:14.340Z');
INSERT INTO metrics (id, user_id, upload_id, system_id, metric_name, metric_value, metric_unit, reference_range, is_key_metric, is_outlier, test_date, created_at) VALUES (169, 1, 12, 12, 'Coma Zernike', '1.32', 'D', '', false, false, '2024-05-06T00:00:00.000Z', '2025-08-24T17:12:14.456Z');
INSERT INTO metrics (id, user_id, upload_id, system_id, metric_name, metric_value, metric_unit, reference_range, is_key_metric, is_outlier, test_date, created_at) VALUES (170, 1, 12, 12, 'Trefoil', '0.65', 'D', '', false, false, '2024-05-06T00:00:00.000Z', '2025-08-24T17:12:14.514Z');
INSERT INTO metrics (id, user_id, upload_id, system_id, metric_name, metric_value, metric_unit, reference_range, is_key_metric, is_outlier, test_date, created_at) VALUES (171, 1, 12, 12, 'Spherical', '0.01', 'D', '', false, false, '2024-05-06T00:00:00.000Z', '2025-08-24T17:12:14.571Z');
INSERT INTO metrics (id, user_id, upload_id, system_id, metric_name, metric_value, metric_unit, reference_range, is_key_metric, is_outlier, test_date, created_at) VALUES (172, 1, 12, 12, 'RMS Total', '2.3', 'D', '', false, false, '2024-05-06T00:00:00.000Z', '2025-08-24T17:12:14.630Z');
INSERT INTO metrics (id, user_id, upload_id, system_id, metric_name, metric_value, metric_unit, reference_range, is_key_metric, is_outlier, test_date, created_at) VALUES (173, 1, 13, 12, 'Anterior Axial Curvature', '1.3375', 'n', 'N/A', false, false, '2022-08-05T00:00:00.000Z', '2025-08-24T17:15:45.430Z');
INSERT INTO metrics (id, user_id, upload_id, system_id, metric_name, metric_value, metric_unit, reference_range, is_key_metric, is_outlier, test_date, created_at) VALUES (174, 1, 13, 12, 'Coma FitZone', '2.68', 'D', 'N/A', false, false, '2022-08-05T00:00:00.000Z', '2025-08-24T17:15:45.487Z');
INSERT INTO metrics (id, user_id, upload_id, system_id, metric_name, metric_value, metric_unit, reference_range, is_key_metric, is_outlier, test_date, created_at) VALUES (175, 1, 13, 12, 'Flat SimK (K1)', '47.1', 'D', 'N/A', false, false, '2022-08-05T00:00:00.000Z', '2025-08-24T17:15:45.544Z');
INSERT INTO metrics (id, user_id, upload_id, system_id, metric_name, metric_value, metric_unit, reference_range, is_key_metric, is_outlier, test_date, created_at) VALUES (176, 1, 13, 12, 'Steep SimK (K2)', '52.61', 'D', 'N/A', false, false, '2022-08-05T00:00:00.000Z', '2025-08-24T17:15:45.601Z');
INSERT INTO metrics (id, user_id, upload_id, system_id, metric_name, metric_value, metric_unit, reference_range, is_key_metric, is_outlier, test_date, created_at) VALUES (178, 1, 13, 12, 'Mean K', '-7.92', 'D', 'N/A', false, false, '2022-08-05T00:00:00.000Z', '2025-08-24T17:15:45.715Z');
INSERT INTO metrics (id, user_id, upload_id, system_id, metric_name, metric_value, metric_unit, reference_range, is_key_metric, is_outlier, test_date, created_at) VALUES (179, 1, 13, 12, 'Flat K', '-7.38', 'D', 'N/A', false, false, '2022-08-05T00:00:00.000Z', '2025-08-24T17:15:45.772Z');
INSERT INTO metrics (id, user_id, upload_id, system_id, metric_name, metric_value, metric_unit, reference_range, is_key_metric, is_outlier, test_date, created_at) VALUES (180, 1, 13, 12, 'Steep K', '-8.46', 'D', 'N/A', false, false, '2022-08-05T00:00:00.000Z', '2025-08-24T17:15:45.829Z');
INSERT INTO metrics (id, user_id, upload_id, system_id, metric_name, metric_value, metric_unit, reference_range, is_key_metric, is_outlier, test_date, created_at) VALUES (181, 1, 13, 12, 'Mean TCPIOL', '47.93', 'D', 'N/A', false, false, '2022-08-05T00:00:00.000Z', '2025-08-24T17:15:45.885Z');
INSERT INTO metrics (id, user_id, upload_id, system_id, metric_name, metric_value, metric_unit, reference_range, is_key_metric, is_outlier, test_date, created_at) VALUES (182, 1, 13, 12, 'Flat TCPIOL', '45.37', 'D', 'N/A', false, false, '2022-08-05T00:00:00.000Z', '2025-08-24T17:15:45.942Z');
INSERT INTO metrics (id, user_id, upload_id, system_id, metric_name, metric_value, metric_unit, reference_range, is_key_metric, is_outlier, test_date, created_at) VALUES (183, 1, 13, 12, 'Steep TCPIOL', '50.5', 'D', 'N/A', false, false, '2022-08-05T00:00:00.000Z', '2025-08-24T17:15:45.999Z');
INSERT INTO metrics (id, user_id, upload_id, system_id, metric_name, metric_value, metric_unit, reference_range, is_key_metric, is_outlier, test_date, created_at) VALUES (184, 1, 13, 12, 'Pachymetry Thinnest', '457', 'µm', 'N/A', false, false, '2022-08-05T00:00:00.000Z', '2025-08-24T17:15:46.059Z');
INSERT INTO metrics (id, user_id, upload_id, system_id, metric_name, metric_value, metric_unit, reference_range, is_key_metric, is_outlier, test_date, created_at) VALUES (185, 1, 13, 12, 'Central Pachymetry', '489', 'µm', 'N/A', false, false, '2022-08-05T00:00:00.000Z', '2025-08-24T17:15:46.116Z');
INSERT INTO metrics (id, user_id, upload_id, system_id, metric_name, metric_value, metric_unit, reference_range, is_key_metric, is_outlier, test_date, created_at) VALUES (186, 1, 13, 12, 'ACV', '130', 'mm³', 'N/A', false, false, '2022-08-05T00:00:00.000Z', '2025-08-24T17:15:46.172Z');
INSERT INTO metrics (id, user_id, upload_id, system_id, metric_name, metric_value, metric_unit, reference_range, is_key_metric, is_outlier, test_date, created_at) VALUES (187, 1, 13, 12, 'ACD', '3.76', 'mm', 'N/A', false, false, '2022-08-05T00:00:00.000Z', '2025-08-24T17:15:46.229Z');
INSERT INTO metrics (id, user_id, upload_id, system_id, metric_name, metric_value, metric_unit, reference_range, is_key_metric, is_outlier, test_date, created_at) VALUES (188, 1, 13, 1, 'AL', '25.19', 'mm', 'N/A', false, false, '2022-08-05T00:00:00.000Z', '2025-08-24T17:15:46.286Z');
INSERT INTO metrics (id, user_id, upload_id, system_id, metric_name, metric_value, metric_unit, reference_range, is_key_metric, is_outlier, test_date, created_at) VALUES (189, 1, 13, 12, 'Pupil Diameter', '2.31', 'mm', 'N/A', false, false, '2022-08-05T00:00:00.000Z', '2025-08-24T17:15:46.343Z');
INSERT INTO metrics (id, user_id, upload_id, system_id, metric_name, metric_value, metric_unit, reference_range, is_key_metric, is_outlier, test_date, created_at) VALUES (190, 1, 13, 12, 'Keratoconus Probability', '100', '%', 'N/A', false, false, '2022-08-05T00:00:00.000Z', '2025-08-24T17:15:46.399Z');
INSERT INTO metrics (id, user_id, upload_id, system_id, metric_name, metric_value, metric_unit, reference_range, is_key_metric, is_outlier, test_date, created_at) VALUES (191, 1, 13, 12, 'CLMIaa', '11.26', 'D', 'N/A', false, false, '2022-08-05T00:00:00.000Z', '2025-08-24T17:15:46.456Z');
INSERT INTO metrics (id, user_id, upload_id, system_id, metric_name, metric_value, metric_unit, reference_range, is_key_metric, is_outlier, test_date, created_at) VALUES (192, 1, 13, 12, 'Defocus', '-1.05', 'D', 'N/A', false, false, '2022-08-05T00:00:00.000Z', '2025-08-24T17:15:46.513Z');
INSERT INTO metrics (id, user_id, upload_id, system_id, metric_name, metric_value, metric_unit, reference_range, is_key_metric, is_outlier, test_date, created_at) VALUES (194, 1, 13, 12, 'Coma Zernike', '2.68', 'D', 'N/A', false, false, '2022-08-05T00:00:00.000Z', '2025-08-24T17:15:46.626Z');
INSERT INTO metrics (id, user_id, upload_id, system_id, metric_name, metric_value, metric_unit, reference_range, is_key_metric, is_outlier, test_date, created_at) VALUES (195, 1, 13, 12, 'Trefoil', '0.84', 'D', 'N/A', false, false, '2022-08-05T00:00:00.000Z', '2025-08-24T17:15:46.683Z');
INSERT INTO metrics (id, user_id, upload_id, system_id, metric_name, metric_value, metric_unit, reference_range, is_key_metric, is_outlier, test_date, created_at) VALUES (196, 1, 13, 12, 'Spherical', '0.19', 'D', 'N/A', false, false, '2022-08-05T00:00:00.000Z', '2025-08-24T17:15:46.742Z');
INSERT INTO metrics (id, user_id, upload_id, system_id, metric_name, metric_value, metric_unit, reference_range, is_key_metric, is_outlier, test_date, created_at) VALUES (197, 1, 13, 12, 'RMS Total', '3.68', 'D', 'N/A', false, false, '2022-08-05T00:00:00.000Z', '2025-08-24T17:15:46.799Z');
INSERT INTO metrics (id, user_id, upload_id, system_id, metric_name, metric_value, metric_unit, reference_range, is_key_metric, is_outlier, test_date, created_at) VALUES (198, 1, 14, 12, 'Sphere OD', '-0.75', '', '', false, false, '2024-11-16T00:00:00.000Z', '2025-08-24T17:21:05.473Z');
INSERT INTO metrics (id, user_id, upload_id, system_id, metric_name, metric_value, metric_unit, reference_range, is_key_metric, is_outlier, test_date, created_at) VALUES (199, 1, 14, 12, 'Cylinder OD', '-3.75', '', '', false, false, '2024-11-16T00:00:00.000Z', '2025-08-24T17:21:05.547Z');
INSERT INTO metrics (id, user_id, upload_id, system_id, metric_name, metric_value, metric_unit, reference_range, is_key_metric, is_outlier, test_date, created_at) VALUES (200, 1, 14, 12, 'Axis OD', '80', '', '', false, false, '2024-11-16T00:00:00.000Z', '2025-08-24T17:21:05.603Z');
INSERT INTO metrics (id, user_id, upload_id, system_id, metric_name, metric_value, metric_unit, reference_range, is_key_metric, is_outlier, test_date, created_at) VALUES (201, 1, 14, 12, 'Sphere OS', '-0.75', '', '', false, false, '2024-11-16T00:00:00.000Z', '2025-08-24T17:21:05.660Z');
INSERT INTO metrics (id, user_id, upload_id, system_id, metric_name, metric_value, metric_unit, reference_range, is_key_metric, is_outlier, test_date, created_at) VALUES (202, 1, 14, 12, 'Cylinder OS', '-3.75', '', '', false, false, '2024-11-16T00:00:00.000Z', '2025-08-24T17:21:05.717Z');
INSERT INTO metrics (id, user_id, upload_id, system_id, metric_name, metric_value, metric_unit, reference_range, is_key_metric, is_outlier, test_date, created_at) VALUES (203, 1, 14, 12, 'Axis OS', '110', '', '', false, false, '2024-11-16T00:00:00.000Z', '2025-08-24T17:21:05.774Z');
INSERT INTO metrics (id, user_id, upload_id, system_id, metric_name, metric_value, metric_unit, reference_range, is_key_metric, is_outlier, test_date, created_at) VALUES (204, 1, 15, 12, 'sphere_od', '-4', '', '', false, false, '2022-08-05T00:00:00.000Z', '2025-08-24T17:21:40.441Z');
INSERT INTO metrics (id, user_id, upload_id, system_id, metric_name, metric_value, metric_unit, reference_range, is_key_metric, is_outlier, test_date, created_at) VALUES (205, 1, 15, 12, 'cylinder_od', '4', '', '', false, false, '2022-08-05T00:00:00.000Z', '2025-08-24T17:21:40.500Z');
INSERT INTO metrics (id, user_id, upload_id, system_id, metric_name, metric_value, metric_unit, reference_range, is_key_metric, is_outlier, test_date, created_at) VALUES (206, 1, 15, 12, 'axis_od', '168', 'degrees', '', false, false, '2022-08-05T00:00:00.000Z', '2025-08-24T17:21:40.559Z');
INSERT INTO metrics (id, user_id, upload_id, system_id, metric_name, metric_value, metric_unit, reference_range, is_key_metric, is_outlier, test_date, created_at) VALUES (207, 1, 15, 12, 'sphere_os', '-4.25', '', '', false, false, '2022-08-05T00:00:00.000Z', '2025-08-24T17:21:40.617Z');
INSERT INTO metrics (id, user_id, upload_id, system_id, metric_name, metric_value, metric_unit, reference_range, is_key_metric, is_outlier, test_date, created_at) VALUES (208, 1, 15, 12, 'cylinder_os', '3.5', '', '', false, false, '2022-08-05T00:00:00.000Z', '2025-08-24T17:21:40.675Z');
INSERT INTO metrics (id, user_id, upload_id, system_id, metric_name, metric_value, metric_unit, reference_range, is_key_metric, is_outlier, test_date, created_at) VALUES (209, 1, 15, 12, 'axis_os', '5', 'degrees', '', false, false, '2022-08-05T00:00:00.000Z', '2025-08-24T17:21:40.733Z');
INSERT INTO metrics (id, user_id, upload_id, system_id, metric_name, metric_value, metric_unit, reference_range, is_key_metric, is_outlier, test_date, created_at) VALUES (210, 1, 15, 12, 'visual_acuity_od', '20', '/30', '', false, false, '2022-08-05T00:00:00.000Z', '2025-08-24T17:21:40.791Z');
INSERT INTO metrics (id, user_id, upload_id, system_id, metric_name, metric_value, metric_unit, reference_range, is_key_metric, is_outlier, test_date, created_at) VALUES (211, 1, 15, 12, 'visual_acuity_os', '20', '/20', '', false, false, '2022-08-05T00:00:00.000Z', '2025-08-24T17:21:40.850Z');
INSERT INTO metrics (id, user_id, upload_id, system_id, metric_name, metric_value, metric_unit, reference_range, is_key_metric, is_outlier, test_date, created_at) VALUES (212, 1, 15, 12, 'visual_acuity_ou', '20', '/20', '', false, false, '2022-08-05T00:00:00.000Z', '2025-08-24T17:21:40.908Z');
INSERT INTO metrics (id, user_id, upload_id, system_id, metric_name, metric_value, metric_unit, reference_range, is_key_metric, is_outlier, test_date, created_at) VALUES (213, 1, 16, 12, 'Coma FitZone', '1.32', 'D', 'N/A', false, false, '2022-08-05T00:00:00.000Z', '2025-08-24T17:34:39.957Z');
INSERT INTO metrics (id, user_id, upload_id, system_id, metric_name, metric_value, metric_unit, reference_range, is_key_metric, is_outlier, test_date, created_at) VALUES (214, 1, 16, 12, 'SimK', '46.62', 'D', 'N/A', false, false, '2022-08-05T00:00:00.000Z', '2025-08-24T17:34:40.022Z');
INSERT INTO metrics (id, user_id, upload_id, system_id, metric_name, metric_value, metric_unit, reference_range, is_key_metric, is_outlier, test_date, created_at) VALUES (215, 1, 16, 12, 'Flat SimK (K1)', '44.88', 'D', 'N/A', false, false, '2022-08-05T00:00:00.000Z', '2025-08-24T17:34:40.080Z');
INSERT INTO metrics (id, user_id, upload_id, system_id, metric_name, metric_value, metric_unit, reference_range, is_key_metric, is_outlier, test_date, created_at) VALUES (216, 1, 16, 12, 'Steep SimK (K2)', '48.37', 'D', 'N/A', false, false, '2022-08-05T00:00:00.000Z', '2025-08-24T17:34:40.138Z');
INSERT INTO metrics (id, user_id, upload_id, system_id, metric_name, metric_value, metric_unit, reference_range, is_key_metric, is_outlier, test_date, created_at) VALUES (218, 1, 16, 12, 'Mean K', '-7', 'D', 'N/A', false, false, '2022-08-05T00:00:00.000Z', '2025-08-24T17:34:40.257Z');
INSERT INTO metrics (id, user_id, upload_id, system_id, metric_name, metric_value, metric_unit, reference_range, is_key_metric, is_outlier, test_date, created_at) VALUES (219, 1, 16, 12, 'Flat K', '-6.5', 'D', 'N/A', false, false, '2022-08-05T00:00:00.000Z', '2025-08-24T17:34:40.315Z');
INSERT INTO metrics (id, user_id, upload_id, system_id, metric_name, metric_value, metric_unit, reference_range, is_key_metric, is_outlier, test_date, created_at) VALUES (220, 1, 16, 12, 'Steep K', '-7.51', 'D', 'N/A', false, false, '2022-08-05T00:00:00.000Z', '2025-08-24T17:34:40.379Z');
INSERT INTO metrics (id, user_id, upload_id, system_id, metric_name, metric_value, metric_unit, reference_range, is_key_metric, is_outlier, test_date, created_at) VALUES (222, 1, 16, 12, 'Mean TCPIOL', '45.23', 'D', 'N/A', false, false, '2022-08-05T00:00:00.000Z', '2025-08-24T17:34:40.495Z');
INSERT INTO metrics (id, user_id, upload_id, system_id, metric_name, metric_value, metric_unit, reference_range, is_key_metric, is_outlier, test_date, created_at) VALUES (223, 1, 16, 12, 'Flat TCPIOL', '43.77', 'D', 'N/A', false, false, '2022-08-05T00:00:00.000Z', '2025-08-24T17:34:40.553Z');
INSERT INTO metrics (id, user_id, upload_id, system_id, metric_name, metric_value, metric_unit, reference_range, is_key_metric, is_outlier, test_date, created_at) VALUES (224, 1, 16, 12, 'Steep TCPIOL', '46.69', 'D', 'N/A', false, false, '2022-08-05T00:00:00.000Z', '2025-08-24T17:34:40.611Z');
INSERT INTO metrics (id, user_id, upload_id, system_id, metric_name, metric_value, metric_unit, reference_range, is_key_metric, is_outlier, test_date, created_at) VALUES (152, 1, 12, 6, 'Astigmatism', '3.49', 'D', '', true, false, '2024-05-06T00:00:00.000Z', '2025-08-24T17:12:13.465Z');
INSERT INTO metrics (id, user_id, upload_id, system_id, metric_name, metric_value, metric_unit, reference_range, is_key_metric, is_outlier, test_date, created_at) VALUES (168, 1, 12, 6, 'Astigmatism Zernike', '1.75', 'D', '', true, false, '2024-05-06T00:00:00.000Z', '2025-08-24T17:12:14.398Z');
INSERT INTO metrics (id, user_id, upload_id, system_id, metric_name, metric_value, metric_unit, reference_range, is_key_metric, is_outlier, test_date, created_at) VALUES (177, 1, 13, 6, 'Astigmatism', '5.51', 'D', 'N/A', true, false, '2022-08-05T00:00:00.000Z', '2025-08-24T17:15:45.658Z');
INSERT INTO metrics (id, user_id, upload_id, system_id, metric_name, metric_value, metric_unit, reference_range, is_key_metric, is_outlier, test_date, created_at) VALUES (193, 1, 13, 6, 'Astigmatism Zernike', '2.12', 'D', 'N/A', true, false, '2022-08-05T00:00:00.000Z', '2025-08-24T17:15:46.570Z');
INSERT INTO metrics (id, user_id, upload_id, system_id, metric_name, metric_value, metric_unit, reference_range, is_key_metric, is_outlier, test_date, created_at) VALUES (226, 1, 16, 12, 'Thinnest Pachymetry', '475', 'µm', 'N/A', false, false, '2022-08-05T00:00:00.000Z', '2025-08-24T17:34:40.728Z');
INSERT INTO metrics (id, user_id, upload_id, system_id, metric_name, metric_value, metric_unit, reference_range, is_key_metric, is_outlier, test_date, created_at) VALUES (227, 1, 16, 12, 'Central Pachymetry', '502', 'µm', 'N/A', false, false, '2022-08-05T00:00:00.000Z', '2025-08-24T17:34:40.787Z');
INSERT INTO metrics (id, user_id, upload_id, system_id, metric_name, metric_value, metric_unit, reference_range, is_key_metric, is_outlier, test_date, created_at) VALUES (229, 1, 16, 12, 'WTW, N-T', '11.97', 'mm', 'N/A', false, false, '2022-08-05T00:00:00.000Z', '2025-08-24T17:34:40.903Z');
INSERT INTO metrics (id, user_id, upload_id, system_id, metric_name, metric_value, metric_unit, reference_range, is_key_metric, is_outlier, test_date, created_at) VALUES (230, 1, 16, 12, 'Mean Angle', '37', '°', 'N/A', false, false, '2022-08-05T00:00:00.000Z', '2025-08-24T17:34:40.961Z');
INSERT INTO metrics (id, user_id, upload_id, system_id, metric_name, metric_value, metric_unit, reference_range, is_key_metric, is_outlier, test_date, created_at) VALUES (231, 1, 16, 12, 'ACV', '124', 'mm³', 'N/A', false, false, '2022-08-05T00:00:00.000Z', '2025-08-24T17:34:41.019Z');
INSERT INTO metrics (id, user_id, upload_id, system_id, metric_name, metric_value, metric_unit, reference_range, is_key_metric, is_outlier, test_date, created_at) VALUES (232, 1, 16, 6, 'LT', '3.73', 'mm', 'N/A', false, false, '2022-08-05T00:00:00.000Z', '2025-08-24T17:34:41.077Z');
INSERT INTO metrics (id, user_id, upload_id, system_id, metric_name, metric_value, metric_unit, reference_range, is_key_metric, is_outlier, test_date, created_at) VALUES (233, 1, 16, 12, 'ACD', '3.74', 'mm', 'N/A', false, false, '2022-08-05T00:00:00.000Z', '2025-08-24T17:34:41.137Z');
INSERT INTO metrics (id, user_id, upload_id, system_id, metric_name, metric_value, metric_unit, reference_range, is_key_metric, is_outlier, test_date, created_at) VALUES (234, 1, 16, 1, 'AL', '24.82', 'mm', 'N/A', false, false, '2022-08-05T00:00:00.000Z', '2025-08-24T17:34:41.195Z');
INSERT INTO metrics (id, user_id, upload_id, system_id, metric_name, metric_value, metric_unit, reference_range, is_key_metric, is_outlier, test_date, created_at) VALUES (235, 1, 16, 12, 'Pupil Diam', '2.4', 'mm', 'N/A', false, false, '2022-08-05T00:00:00.000Z', '2025-08-24T17:34:41.253Z');
INSERT INTO metrics (id, user_id, upload_id, system_id, metric_name, metric_value, metric_unit, reference_range, is_key_metric, is_outlier, test_date, created_at) VALUES (236, 1, 16, 12, 'Kappa Dist', '0.2', 'mm', 'N/A', false, false, '2022-08-05T00:00:00.000Z', '2025-08-24T17:34:41.311Z');
INSERT INTO metrics (id, user_id, upload_id, system_id, metric_name, metric_value, metric_unit, reference_range, is_key_metric, is_outlier, test_date, created_at) VALUES (237, 1, 16, 12, 'AC Angle N', '35.6', '°', 'N/A', false, false, '2022-08-05T00:00:00.000Z', '2025-08-24T17:34:41.369Z');
INSERT INTO metrics (id, user_id, upload_id, system_id, metric_name, metric_value, metric_unit, reference_range, is_key_metric, is_outlier, test_date, created_at) VALUES (238, 1, 16, 12, 'AC Angle T', '35.6', '°', 'N/A', false, false, '2022-08-05T00:00:00.000Z', '2025-08-24T17:34:41.427Z');
INSERT INTO metrics (id, user_id, upload_id, system_id, metric_name, metric_value, metric_unit, reference_range, is_key_metric, is_outlier, test_date, created_at) VALUES (239, 1, 16, 12, 'AC Angle S', '36.1', '°', 'N/A', false, false, '2022-08-05T00:00:00.000Z', '2025-08-24T17:34:41.485Z');
INSERT INTO metrics (id, user_id, upload_id, system_id, metric_name, metric_value, metric_unit, reference_range, is_key_metric, is_outlier, test_date, created_at) VALUES (240, 1, 16, 12, 'AC Angle I', '40.5', '°', 'N/A', false, false, '2022-08-05T00:00:00.000Z', '2025-08-24T17:34:41.544Z');
INSERT INTO metrics (id, user_id, upload_id, system_id, metric_name, metric_value, metric_unit, reference_range, is_key_metric, is_outlier, test_date, created_at) VALUES (241, 1, 16, 12, 'KPI', '88.2', '%', 'N/A', false, false, '2022-08-05T00:00:00.000Z', '2025-08-24T17:34:41.602Z');
INSERT INTO metrics (id, user_id, upload_id, system_id, metric_name, metric_value, metric_unit, reference_range, is_key_metric, is_outlier, test_date, created_at) VALUES (242, 1, 16, 12, 'Kprob', '100', '%', 'N/A', false, false, '2022-08-05T00:00:00.000Z', '2025-08-24T17:34:41.660Z');
INSERT INTO metrics (id, user_id, upload_id, system_id, metric_name, metric_value, metric_unit, reference_range, is_key_metric, is_outlier, test_date, created_at) VALUES (243, 1, 16, 12, 'CLMIaa', '7.28', 'D', 'N/A', false, false, '2022-08-05T00:00:00.000Z', '2025-08-24T17:34:41.719Z');
INSERT INTO metrics (id, user_id, upload_id, system_id, metric_name, metric_value, metric_unit, reference_range, is_key_metric, is_outlier, test_date, created_at) VALUES (244, 1, 16, 12, 'PPK', '100', '%', 'N/A', false, false, '2022-08-05T00:00:00.000Z', '2025-08-24T17:34:41.777Z');
INSERT INTO metrics (id, user_id, upload_id, system_id, metric_name, metric_value, metric_unit, reference_range, is_key_metric, is_outlier, test_date, created_at) VALUES (245, 1, 16, 12, 'Defocus', '-0.3', 'D', 'N/A', false, false, '2022-08-05T00:00:00.000Z', '2025-08-24T17:34:41.835Z');
INSERT INTO metrics (id, user_id, upload_id, system_id, metric_name, metric_value, metric_unit, reference_range, is_key_metric, is_outlier, test_date, created_at) VALUES (247, 1, 16, 12, 'Coma', '1.32', 'D', 'N/A', false, false, '2022-08-05T00:00:00.000Z', '2025-08-24T17:34:41.952Z');
INSERT INTO metrics (id, user_id, upload_id, system_id, metric_name, metric_value, metric_unit, reference_range, is_key_metric, is_outlier, test_date, created_at) VALUES (248, 1, 16, 12, 'Trefoil', '0.65', 'D', 'N/A', false, false, '2022-08-05T00:00:00.000Z', '2025-08-24T17:34:42.011Z');
INSERT INTO metrics (id, user_id, upload_id, system_id, metric_name, metric_value, metric_unit, reference_range, is_key_metric, is_outlier, test_date, created_at) VALUES (249, 1, 16, 12, 'Spherical', '0.01', 'D', 'N/A', false, false, '2022-08-05T00:00:00.000Z', '2025-08-24T17:34:42.069Z');
INSERT INTO metrics (id, user_id, upload_id, system_id, metric_name, metric_value, metric_unit, reference_range, is_key_metric, is_outlier, test_date, created_at) VALUES (250, 1, 16, 12, 'RMS Total', '2.3', 'D', 'N/A', false, false, '2022-08-05T00:00:00.000Z', '2025-08-24T17:34:42.127Z');
INSERT INTO metrics (id, user_id, upload_id, system_id, metric_name, metric_value, metric_unit, reference_range, is_key_metric, is_outlier, test_date, created_at) VALUES (251, 1, 17, 12, 'Coma FitZone', '2.68', 'D', 'N/A', false, false, '2022-08-05T00:00:00.000Z', '2025-08-24T17:35:29.411Z');
INSERT INTO metrics (id, user_id, upload_id, system_id, metric_name, metric_value, metric_unit, reference_range, is_key_metric, is_outlier, test_date, created_at) VALUES (252, 1, 17, 12, 'SimK', '49.85', 'D', 'N/A', false, false, '2022-08-05T00:00:00.000Z', '2025-08-24T17:35:29.468Z');
INSERT INTO metrics (id, user_id, upload_id, system_id, metric_name, metric_value, metric_unit, reference_range, is_key_metric, is_outlier, test_date, created_at) VALUES (253, 1, 17, 12, 'Flat SimK (K1)', '47.1', 'D', 'N/A', false, false, '2022-08-05T00:00:00.000Z', '2025-08-24T17:35:29.531Z');
INSERT INTO metrics (id, user_id, upload_id, system_id, metric_name, metric_value, metric_unit, reference_range, is_key_metric, is_outlier, test_date, created_at) VALUES (254, 1, 17, 12, 'Steep SimK (K2)', '52.61', 'D', 'N/A', false, false, '2022-08-05T00:00:00.000Z', '2025-08-24T17:35:29.587Z');
INSERT INTO metrics (id, user_id, upload_id, system_id, metric_name, metric_value, metric_unit, reference_range, is_key_metric, is_outlier, test_date, created_at) VALUES (256, 1, 17, 12, 'Mean K', '-7.92', 'D', 'N/A', false, false, '2022-08-05T00:00:00.000Z', '2025-08-24T17:35:29.701Z');
INSERT INTO metrics (id, user_id, upload_id, system_id, metric_name, metric_value, metric_unit, reference_range, is_key_metric, is_outlier, test_date, created_at) VALUES (257, 1, 17, 12, 'Flat K', '-7.38', 'D', 'N/A', false, false, '2022-08-05T00:00:00.000Z', '2025-08-24T17:35:29.757Z');
INSERT INTO metrics (id, user_id, upload_id, system_id, metric_name, metric_value, metric_unit, reference_range, is_key_metric, is_outlier, test_date, created_at) VALUES (258, 1, 17, 12, 'Steep K', '-8.46', 'D', 'N/A', false, false, '2022-08-05T00:00:00.000Z', '2025-08-24T17:35:29.814Z');
INSERT INTO metrics (id, user_id, upload_id, system_id, metric_name, metric_value, metric_unit, reference_range, is_key_metric, is_outlier, test_date, created_at) VALUES (260, 1, 17, 12, 'Mean TCPIOL', '47.93', 'D', 'N/A', false, false, '2022-08-05T00:00:00.000Z', '2025-08-24T17:35:29.927Z');
INSERT INTO metrics (id, user_id, upload_id, system_id, metric_name, metric_value, metric_unit, reference_range, is_key_metric, is_outlier, test_date, created_at) VALUES (261, 1, 17, 12, 'Flat TCPIOL', '45.37', 'D', 'N/A', false, false, '2022-08-05T00:00:00.000Z', '2025-08-24T17:35:29.984Z');
INSERT INTO metrics (id, user_id, upload_id, system_id, metric_name, metric_value, metric_unit, reference_range, is_key_metric, is_outlier, test_date, created_at) VALUES (262, 1, 17, 12, 'Steep TCPIOL', '50.5', 'D', 'N/A', false, false, '2022-08-05T00:00:00.000Z', '2025-08-24T17:35:30.041Z');
INSERT INTO metrics (id, user_id, upload_id, system_id, metric_name, metric_value, metric_unit, reference_range, is_key_metric, is_outlier, test_date, created_at) VALUES (264, 1, 17, 12, 'Thinnest Pachymetry', '457', 'µm', 'N/A', false, false, '2022-08-05T00:00:00.000Z', '2025-08-24T17:35:30.155Z');
INSERT INTO metrics (id, user_id, upload_id, system_id, metric_name, metric_value, metric_unit, reference_range, is_key_metric, is_outlier, test_date, created_at) VALUES (265, 1, 17, 12, 'Central Pachymetry', '489', 'µm', 'N/A', false, false, '2022-08-05T00:00:00.000Z', '2025-08-24T17:35:30.212Z');
INSERT INTO metrics (id, user_id, upload_id, system_id, metric_name, metric_value, metric_unit, reference_range, is_key_metric, is_outlier, test_date, created_at) VALUES (267, 1, 17, 12, 'ACV', '130', 'mm³', 'N/A', false, false, '2022-08-05T00:00:00.000Z', '2025-08-24T17:35:30.325Z');
INSERT INTO metrics (id, user_id, upload_id, system_id, metric_name, metric_value, metric_unit, reference_range, is_key_metric, is_outlier, test_date, created_at) VALUES (268, 1, 17, 6, 'LT', '3.71', 'mm', 'N/A', false, false, '2022-08-05T00:00:00.000Z', '2025-08-24T17:35:30.381Z');
INSERT INTO metrics (id, user_id, upload_id, system_id, metric_name, metric_value, metric_unit, reference_range, is_key_metric, is_outlier, test_date, created_at) VALUES (269, 1, 17, 12, 'ACD', '3.76', 'mm', 'N/A', false, false, '2022-08-05T00:00:00.000Z', '2025-08-24T17:35:30.438Z');
INSERT INTO metrics (id, user_id, upload_id, system_id, metric_name, metric_value, metric_unit, reference_range, is_key_metric, is_outlier, test_date, created_at) VALUES (270, 1, 17, 1, 'AL', '25.19', 'mm', 'N/A', false, false, '2022-08-05T00:00:00.000Z', '2025-08-24T17:35:30.494Z');
INSERT INTO metrics (id, user_id, upload_id, system_id, metric_name, metric_value, metric_unit, reference_range, is_key_metric, is_outlier, test_date, created_at) VALUES (271, 1, 17, 12, 'Pupil Diameter', '2.31', 'mm', 'N/A', false, false, '2022-08-05T00:00:00.000Z', '2025-08-24T17:35:30.551Z');
INSERT INTO metrics (id, user_id, upload_id, system_id, metric_name, metric_value, metric_unit, reference_range, is_key_metric, is_outlier, test_date, created_at) VALUES (272, 1, 17, 12, 'Kappa Distance', '0.42', 'mm', 'N/A', false, false, '2022-08-05T00:00:00.000Z', '2025-08-24T17:35:30.608Z');
INSERT INTO metrics (id, user_id, upload_id, system_id, metric_name, metric_value, metric_unit, reference_range, is_key_metric, is_outlier, test_date, created_at) VALUES (273, 1, 17, 12, 'AC Angle N', '35.2', '°', 'N/A', false, false, '2022-08-05T00:00:00.000Z', '2025-08-24T17:35:30.665Z');
INSERT INTO metrics (id, user_id, upload_id, system_id, metric_name, metric_value, metric_unit, reference_range, is_key_metric, is_outlier, test_date, created_at) VALUES (274, 1, 17, 12, 'AC Angle S', '42', '°', 'N/A', false, false, '2022-08-05T00:00:00.000Z', '2025-08-24T17:35:30.721Z');
INSERT INTO metrics (id, user_id, upload_id, system_id, metric_name, metric_value, metric_unit, reference_range, is_key_metric, is_outlier, test_date, created_at) VALUES (275, 1, 17, 12, 'AC Angle I', '46.8', '°', 'N/A', false, false, '2022-08-05T00:00:00.000Z', '2025-08-24T17:35:30.778Z');
INSERT INTO metrics (id, user_id, upload_id, system_id, metric_name, metric_value, metric_unit, reference_range, is_key_metric, is_outlier, test_date, created_at) VALUES (276, 1, 17, 12, 'KPI', '100', '%', 'N/A', false, false, '2022-08-05T00:00:00.000Z', '2025-08-24T17:35:30.834Z');
INSERT INTO metrics (id, user_id, upload_id, system_id, metric_name, metric_value, metric_unit, reference_range, is_key_metric, is_outlier, test_date, created_at) VALUES (277, 1, 17, 12, 'Kprob', '100', '%', 'N/A', false, false, '2022-08-05T00:00:00.000Z', '2025-08-24T17:35:30.891Z');
INSERT INTO metrics (id, user_id, upload_id, system_id, metric_name, metric_value, metric_unit, reference_range, is_key_metric, is_outlier, test_date, created_at) VALUES (278, 1, 17, 12, 'CLMIaa', '11.26', 'D', 'N/A', false, false, '2022-08-05T00:00:00.000Z', '2025-08-24T17:35:30.947Z');
INSERT INTO metrics (id, user_id, upload_id, system_id, metric_name, metric_value, metric_unit, reference_range, is_key_metric, is_outlier, test_date, created_at) VALUES (279, 1, 17, 12, 'PPK', '100', '%', 'N/A', false, false, '2022-08-05T00:00:00.000Z', '2025-08-24T17:35:31.004Z');
INSERT INTO metrics (id, user_id, upload_id, system_id, metric_name, metric_value, metric_unit, reference_range, is_key_metric, is_outlier, test_date, created_at) VALUES (280, 1, 17, 12, 'Defocus', '-1.05', 'D', 'N/A', false, false, '2022-08-05T00:00:00.000Z', '2025-08-24T17:35:31.061Z');
INSERT INTO metrics (id, user_id, upload_id, system_id, metric_name, metric_value, metric_unit, reference_range, is_key_metric, is_outlier, test_date, created_at) VALUES (282, 1, 17, 12, 'Coma (Zernike)', '2.68', 'D', 'N/A', false, false, '2022-08-05T00:00:00.000Z', '2025-08-24T17:35:31.174Z');
INSERT INTO metrics (id, user_id, upload_id, system_id, metric_name, metric_value, metric_unit, reference_range, is_key_metric, is_outlier, test_date, created_at) VALUES (283, 1, 17, 12, 'Trefoil', '0.84', 'D', 'N/A', false, false, '2022-08-05T00:00:00.000Z', '2025-08-24T17:35:31.231Z');
INSERT INTO metrics (id, user_id, upload_id, system_id, metric_name, metric_value, metric_unit, reference_range, is_key_metric, is_outlier, test_date, created_at) VALUES (284, 1, 17, 12, 'Spherical', '0.19', 'D', 'N/A', false, false, '2022-08-05T00:00:00.000Z', '2025-08-24T17:35:31.287Z');
INSERT INTO metrics (id, user_id, upload_id, system_id, metric_name, metric_value, metric_unit, reference_range, is_key_metric, is_outlier, test_date, created_at) VALUES (285, 1, 17, 12, 'RMS Total', '3.68', 'D', 'N/A', false, false, '2022-08-05T00:00:00.000Z', '2025-08-24T17:35:31.344Z');
INSERT INTO metrics (id, user_id, upload_id, system_id, metric_name, metric_value, metric_unit, reference_range, is_key_metric, is_outlier, test_date, created_at) VALUES (228, 1, 16, 2, 'CCT', '487', 'µm', 'N/A', true, false, '2022-08-05T00:00:00.000Z', '2025-08-24T17:34:40.845Z');
INSERT INTO metrics (id, user_id, upload_id, system_id, metric_name, metric_value, metric_unit, reference_range, is_key_metric, is_outlier, test_date, created_at) VALUES (217, 1, 16, 6, 'Astigmatism', '1.75', 'D', 'N/A', true, false, '2022-08-05T00:00:00.000Z', '2025-08-24T17:34:40.196Z');
INSERT INTO metrics (id, user_id, upload_id, system_id, metric_name, metric_value, metric_unit, reference_range, is_key_metric, is_outlier, test_date, created_at) VALUES (255, 1, 17, 6, 'Astigmatism', '5.51', 'D', 'N/A', true, false, '2022-08-05T00:00:00.000Z', '2025-08-24T17:35:29.644Z');
INSERT INTO metrics (id, user_id, upload_id, system_id, metric_name, metric_value, metric_unit, reference_range, is_key_metric, is_outlier, test_date, created_at) VALUES (259, 1, 17, 6, 'Astigmatism (Posterior)', '-1.09', 'D', 'N/A', true, false, '2022-08-05T00:00:00.000Z', '2025-08-24T17:35:29.871Z');
INSERT INTO metrics (id, user_id, upload_id, system_id, metric_name, metric_value, metric_unit, reference_range, is_key_metric, is_outlier, test_date, created_at) VALUES (263, 1, 17, 6, 'Astigmatism (TCPIOL)', '5.13', 'D', 'N/A', true, false, '2022-08-05T00:00:00.000Z', '2025-08-24T17:35:30.098Z');
INSERT INTO metrics (id, user_id, upload_id, system_id, metric_name, metric_value, metric_unit, reference_range, is_key_metric, is_outlier, test_date, created_at) VALUES (266, 1, 17, 2, 'CCT', '467', 'µm', 'N/A', true, false, '2022-08-05T00:00:00.000Z', '2025-08-24T17:35:30.268Z');
INSERT INTO metrics (id, user_id, upload_id, system_id, metric_name, metric_value, metric_unit, reference_range, is_key_metric, is_outlier, test_date, created_at) VALUES (281, 1, 17, 6, 'Astigmatism (Zernike)', '2.12', 'D', 'N/A', true, false, '2022-08-05T00:00:00.000Z', '2025-08-24T17:35:31.117Z');
INSERT INTO metrics (id, user_id, upload_id, system_id, metric_name, metric_value, metric_unit, reference_range, is_key_metric, is_outlier, test_date, created_at) VALUES (307, 1, 20, 1, 'Cholesterol', '222', 'mg/dL', '<200 mg/dL', true, false, '2025-02-04T00:00:00.000Z', '2025-08-25T21:50:58.974Z');
INSERT INTO metrics (id, user_id, upload_id, system_id, metric_name, metric_value, metric_unit, reference_range, is_key_metric, is_outlier, test_date, created_at) VALUES (308, 1, 20, 1, 'HDL', '48', 'mg/dL', 'undefined-undefined', true, false, '2025-02-04T00:00:00.000Z', '2025-08-25T21:50:59.044Z');
INSERT INTO metrics (id, user_id, upload_id, system_id, metric_name, metric_value, metric_unit, reference_range, is_key_metric, is_outlier, test_date, created_at) VALUES (309, 1, 20, 1, 'Triglycerides', '109', 'mg/dL', 'undefined-undefined', true, false, '2025-02-04T00:00:00.000Z', '2025-08-25T21:50:59.101Z');
INSERT INTO metrics (id, user_id, upload_id, system_id, metric_name, metric_value, metric_unit, reference_range, is_key_metric, is_outlier, test_date, created_at) VALUES (311, 1, 20, 1, 'Chol/HDL Ratio', '4.6', 'calc', '<5.0 calc', true, false, '2025-02-04T00:00:00.000Z', '2025-08-25T21:50:59.216Z');
INSERT INTO metrics (id, user_id, upload_id, system_id, metric_name, metric_value, metric_unit, reference_range, is_key_metric, is_outlier, test_date, created_at) VALUES (294, 1, 19, 1, 'Cholesterol, Total', '178', 'mg/dL', '<200', false, false, '2025-08-25T00:00:00.000Z', '2025-08-25T11:16:33.332Z');
INSERT INTO metrics (id, user_id, upload_id, system_id, metric_name, metric_value, metric_unit, reference_range, is_key_metric, is_outlier, test_date, created_at) VALUES (295, 1, 19, 1, 'Triglycerides', '116', 'mg/dL', 'undefined-undefined', false, false, '2025-08-25T00:00:00.000Z', '2025-08-25T11:16:33.409Z');
INSERT INTO metrics (id, user_id, upload_id, system_id, metric_name, metric_value, metric_unit, reference_range, is_key_metric, is_outlier, test_date, created_at) VALUES (296, 1, 19, 1, 'HDL Cholesterol', '54', 'mg/dL', '>39', false, false, '2025-08-25T00:00:00.000Z', '2025-08-25T11:16:33.466Z');
INSERT INTO metrics (id, user_id, upload_id, system_id, metric_name, metric_value, metric_unit, reference_range, is_key_metric, is_outlier, test_date, created_at) VALUES (298, 1, 19, 1, 'VLDL Cholesterol Cal', '23', 'mg/dL', '5-40', true, false, '2025-08-25T00:00:00.000Z', '2025-08-25T11:16:33.579Z');
INSERT INTO metrics (id, user_id, upload_id, system_id, metric_name, metric_value, metric_unit, reference_range, is_key_metric, is_outlier, test_date, created_at) VALUES (299, 1, 19, 8, 'Urea Nitrogen (BUN)', '14', 'mg/dL', '7-25', true, false, '2025-08-25T00:00:00.000Z', '2025-08-25T11:16:33.635Z');
INSERT INTO metrics (id, user_id, upload_id, system_id, metric_name, metric_value, metric_unit, reference_range, is_key_metric, is_outlier, test_date, created_at) VALUES (300, 1, 19, 8, 'Creatinine', '1.16', 'mg/dL', '0.60-1.35', true, false, '2025-08-25T00:00:00.000Z', '2025-08-25T11:16:33.692Z');
INSERT INTO metrics (id, user_id, upload_id, system_id, metric_name, metric_value, metric_unit, reference_range, is_key_metric, is_outlier, test_date, created_at) VALUES (301, 1, 19, 7, 'Glucose', '92', 'mg/dL', '65-99', true, false, '2025-08-25T00:00:00.000Z', '2025-08-25T11:16:33.748Z');
INSERT INTO metrics (id, user_id, upload_id, system_id, metric_name, metric_value, metric_unit, reference_range, is_key_metric, is_outlier, test_date, created_at) VALUES (302, 1, 19, 5, 'Calcium', '9.2', 'mg/dL', '8.6-10.3', false, false, '2025-08-25T00:00:00.000Z', '2025-08-25T11:16:33.804Z');
INSERT INTO metrics (id, user_id, upload_id, system_id, metric_name, metric_value, metric_unit, reference_range, is_key_metric, is_outlier, test_date, created_at) VALUES (303, 1, 19, 8, 'Protein, Total', '6.9', 'g/dL', '6.1-8.1', false, false, '2025-08-25T00:00:00.000Z', '2025-08-25T11:16:33.860Z');
INSERT INTO metrics (id, user_id, upload_id, system_id, metric_name, metric_value, metric_unit, reference_range, is_key_metric, is_outlier, test_date, created_at) VALUES (304, 1, 19, 6, 'Albumin', '4.4', 'g/dL', '3.6-5.1', false, false, '2025-08-25T00:00:00.000Z', '2025-08-25T11:16:33.916Z');
INSERT INTO metrics (id, user_id, upload_id, system_id, metric_name, metric_value, metric_unit, reference_range, is_key_metric, is_outlier, test_date, created_at) VALUES (305, 1, 19, 11, 'Globulin', '2.5', 'g/dL', '1.9-3.7', false, false, '2025-08-25T00:00:00.000Z', '2025-08-25T11:16:33.974Z');
INSERT INTO metrics (id, user_id, upload_id, system_id, metric_name, metric_value, metric_unit, reference_range, is_key_metric, is_outlier, test_date, created_at) VALUES (306, 1, 19, 6, 'Albumin/Globulin Ratio', '1.8', '', '1.0-2.5', false, false, '2025-08-25T00:00:00.000Z', '2025-08-25T11:16:34.030Z');
INSERT INTO metrics (id, user_id, upload_id, system_id, metric_name, metric_value, metric_unit, reference_range, is_key_metric, is_outlier, test_date, created_at) VALUES (312, 1, 20, 1, 'NON-HDL CHOLESTEROL', '174', 'mg/dL', '<130 mg/dL', true, false, '2025-02-04T00:00:00.000Z', '2025-08-25T21:50:59.273Z');
INSERT INTO metrics (id, user_id, upload_id, system_id, metric_name, metric_value, metric_unit, reference_range, is_key_metric, is_outlier, test_date, created_at) VALUES (313, 1, 20, 1, 'LDL PARTICLES, TOTAL', '2144', 'nmol/L', '<1138 nmol/L', true, false, '2025-02-04T00:00:00.000Z', '2025-08-25T21:50:59.333Z');
INSERT INTO metrics (id, user_id, upload_id, system_id, metric_name, metric_value, metric_unit, reference_range, is_key_metric, is_outlier, test_date, created_at) VALUES (314, 1, 20, 1, 'LDL, SMALL', '333', 'nmol/L', '<142 nmol/L', true, false, '2025-02-04T00:00:00.000Z', '2025-08-25T21:50:59.391Z');
INSERT INTO metrics (id, user_id, upload_id, system_id, metric_name, metric_value, metric_unit, reference_range, is_key_metric, is_outlier, test_date, created_at) VALUES (315, 1, 20, 1, 'LDL, MEDIUM', '419', 'nmol/L', '<215 nmol/L', true, false, '2025-02-04T00:00:00.000Z', '2025-08-25T21:50:59.448Z');
INSERT INTO metrics (id, user_id, upload_id, system_id, metric_name, metric_value, metric_unit, reference_range, is_key_metric, is_outlier, test_date, created_at) VALUES (316, 1, 20, 1, 'HDL, LARGE', '4764', 'nmol/L', '>6729 nmol/L', true, false, '2025-02-04T00:00:00.000Z', '2025-08-25T21:50:59.505Z');
INSERT INTO metrics (id, user_id, upload_id, system_id, metric_name, metric_value, metric_unit, reference_range, is_key_metric, is_outlier, test_date, created_at) VALUES (317, 1, 20, 1, 'LDL PARTICLE SIZE', '224.2', 'Angstrom', '>222.9 Angstrom', true, false, '2025-02-04T00:00:00.000Z', '2025-08-25T21:50:59.562Z');
INSERT INTO metrics (id, user_id, upload_id, system_id, metric_name, metric_value, metric_unit, reference_range, is_key_metric, is_outlier, test_date, created_at) VALUES (318, 1, 20, 1, 'Apolipoprotein B', '130', 'mg/dL', '<90 mg/dL', false, false, '2025-02-04T00:00:00.000Z', '2025-08-25T21:50:59.620Z');
INSERT INTO metrics (id, user_id, upload_id, system_id, metric_name, metric_value, metric_unit, reference_range, is_key_metric, is_outlier, test_date, created_at) VALUES (319, 1, 20, 8, 'LIPOPROTEIN (a)', '19', 'nmol/L', 'undefined-undefined', false, false, '2025-02-04T00:00:00.000Z', '2025-08-25T21:50:59.677Z');
INSERT INTO metrics (id, user_id, upload_id, system_id, metric_name, metric_value, metric_unit, reference_range, is_key_metric, is_outlier, test_date, created_at) VALUES (320, 1, 20, 11, 'CARDIO CRP(R)', '0.8', 'mg/L', '<1.0 mg/L', false, false, '2025-02-04T00:00:00.000Z', '2025-08-25T21:50:59.734Z');
INSERT INTO metrics (id, user_id, upload_id, system_id, metric_name, metric_value, metric_unit, reference_range, is_key_metric, is_outlier, test_date, created_at) VALUES (321, 1, 20, 2, 'LA PLA2 ACTIVITY', '93', 'nmol/min/mL', '<124 nmol/min/mL', false, false, '2025-02-04T00:00:00.000Z', '2025-08-25T21:50:59.791Z');
INSERT INTO metrics (id, user_id, upload_id, system_id, metric_name, metric_value, metric_unit, reference_range, is_key_metric, is_outlier, test_date, created_at) VALUES (310, 1, 20, 1, 'LDL', '151', 'mg/dL', '<100 mg/dL', true, false, '2025-02-04T00:00:00.000Z', '2025-08-25T21:50:59.159Z');
INSERT INTO metrics (id, user_id, upload_id, system_id, metric_name, metric_value, metric_unit, reference_range, is_key_metric, is_outlier, test_date, created_at) VALUES (297, 1, 19, 1, 'LDL', '104', 'mg/dL', '<100', true, false, '2025-08-25T00:00:00.000Z', '2025-08-25T11:16:33.522Z');

-- Table: questionnaire_responses
-- Columns: 7
-- Rows: 0

-- Table: uploads
-- Columns: 11
-- Rows: 8

-- Data for uploads
INSERT INTO uploads (id, user_id, filename, file_type, file_size, upload_type, storage_path, processing_status, processing_error, created_at, processed_at) VALUES (12, 1, 'keramotery 8-5-2022 HUSSAIN.ADIL.OS.visit_2022_08_05.16_41.export_2022_08_05.16_55_29.pdf', 'application/pdf', 215410, 'manual', NULL, 'completed', NULL, '2025-08-24T17:12:13.030Z', NULL);
INSERT INTO uploads (id, user_id, filename, file_type, file_size, upload_type, storage_path, processing_status, processing_error, created_at, processed_at) VALUES (13, 1, 'keratometry 8-5-2022 p1.OD.visit_2022_08_05.16_41.export_2022_08_05.16_55_52.pdf', 'application/pdf', 262366, 'manual', NULL, 'completed', NULL, '2025-08-24T17:15:45.367Z', NULL);
INSERT INTO uploads (id, user_id, filename, file_type, file_size, upload_type, storage_path, processing_status, processing_error, created_at, processed_at) VALUES (14, 1, 'eyes prescription nov 16 2024.jpeg', 'image/jpeg', 229133, 'manual', NULL, 'completed', NULL, '2025-08-24T17:21:05.395Z', NULL);
INSERT INTO uploads (id, user_id, filename, file_type, file_size, upload_type, storage_path, processing_status, processing_error, created_at, processed_at) VALUES (15, 1, 'GlassesRx 8-5-2022.pdf', 'application/pdf', 31477, 'manual', NULL, 'completed', NULL, '2025-08-24T17:21:40.376Z', NULL);
INSERT INTO uploads (id, user_id, filename, file_type, file_size, upload_type, storage_path, processing_status, processing_error, created_at, processed_at) VALUES (16, 1, 'keramotery 8-5-2022 HUSSAIN.ADIL.OS.visit_2022_08_05.16_41.export_2022_08_05.16_55_29.pdf', 'application/pdf', 215410, 'manual', NULL, 'completed', NULL, '2025-08-24T17:34:39.879Z', NULL);
INSERT INTO uploads (id, user_id, filename, file_type, file_size, upload_type, storage_path, processing_status, processing_error, created_at, processed_at) VALUES (17, 1, 'keratometry 8-5-2022 p1.OD.visit_2022_08_05.16_41.export_2022_08_05.16_55_52.pdf', 'application/pdf', 262366, 'manual', NULL, 'completed', NULL, '2025-08-24T17:35:29.348Z', NULL);
INSERT INTO uploads (id, user_id, filename, file_type, file_size, upload_type, storage_path, processing_status, processing_error, created_at, processed_at) VALUES (19, 1, 'Doc Dec 28, 2023, 11_10.pdf', 'application/pdf', 453441, 'manual', NULL, 'completed', NULL, '2025-08-25T11:16:33.260Z', NULL);
INSERT INTO uploads (id, user_id, filename, file_type, file_size, upload_type, storage_path, processing_status, processing_error, created_at, processed_at) VALUES (20, 1, 'lipid panel feb 2025.pdf', 'application/pdf', 55224, 'manual', NULL, 'completed', NULL, '2025-08-25T21:50:58.848Z', NULL);

-- Table: user_custom_metrics
-- Columns: 12
-- Rows: 1

-- Data for user_custom_metrics
INSERT INTO user_custom_metrics (id, system_id, user_id, metric_name, value, units, normal_range_min, normal_range_max, range_applicable_to, source_type, review_status, created_at) VALUES (1, 1, 1, 'LDL, SMALL', '0', 'nmol/L', NULL, '527.000', 'All', 'user', 'pending', '2025-08-21T22:15:23.227Z');

-- Table: users
-- Columns: 7
-- Rows: 1

-- Data for users
INSERT INTO users (id, email, google_id, name, avatar_url, created_at, updated_at) VALUES (1, 'demo@healthapp.com', 'demo-123', 'Demo User', NULL, '2025-08-21T18:28:51.010Z', '2025-08-25T22:20:26.947Z');

