-- Database Snapshot Created: 2025-08-25T00:22:54.741Z
-- Environment: development
-- Tables: 10

-- Table: __drizzle_migrations
-- Columns: 3
-- Rows: 0

-- Table: ai_outputs_log
-- Columns: 9
-- Rows: 20

-- Data for ai_outputs_log
INSERT INTO ai_outputs_log (id, user_id, output_type, prompt, response, model_version, processing_time_ms, created_at, system_id) VALUES (1, 1, 'daily_plan', 'Generate daily health plan', '{"plan_date":"2025-08-22","recommendations":[{"category":"nutrition","action":"Increase intake of soluble fiber-rich foods such as oats, beans, and fruits to help lower LDL cholesterol levels.","reason":"Soluble fiber can help reduce the absorption of cholesterol into your bloodstream and is beneficial for managing LDL cholesterol levels.","priority":"high"},{"category":"exercise","action":"Engage in at least 30 minutes of moderate-intensity exercise like brisk walking, cycling, or swimming, five times a week.","reason":"Regular physical activity can boost HDL cholesterol and lower LDL cholesterol, improving overall heart health.","priority":"high"},{"category":"lifestyle","action":"Incorporate stress-management techniques such as meditation or yoga into your daily routine.","reason":"Reducing stress can positively impact lipid profiles and overall cardiovascular health.","priority":"medium"},{"category":"nutrition","action":"Limit consumption of saturated fats found in red meat and full-fat dairy products and replace them with healthier unsaturated fats from sources like olive oil, nuts, and avocados.","reason":"Limiting saturated fats can help reduce LDL cholesterol levels, improving heart health.","priority":"high"},{"category":"exercise","action":"Incorporate two days a week of strength training activities.","reason":"Strength training can help improve metabolic health and regulate blood glucose levels, which can support healthy lipid profiles.","priority":"medium"}],"key_focus_areas":["Cardiovascular Health","Blood Glucose Control"],"estimated_compliance_time_minutes":90}', 'gpt-4o', 0, '2025-08-21T21:34:18.616Z', NULL);
INSERT INTO ai_outputs_log (id, user_id, output_type, prompt, response, model_version, processing_time_ms, created_at, system_id) VALUES (2, 1, 'system_insights', 'system_id:1', '{"system_status":"At Risk","summary_insight":"The lab metrics indicate an increased cardiovascular risk due to dyslipidemia. Total cholesterol, LDL cholesterol, and HDL cholesterol values are out of the optimal range. These lab values suggest an elevated risk for atherosclerosis and cardiovascular diseases. No visual studies were provided, so the assessment is based solely on lab data. This places the cardiovascular system at an ''At Risk'' status, highlighting the need for corrective action.","out_of_range_metrics":[{"metric_name":"Cholesterol, Total","value_and_range":"178 mg/dL vs. 0–100 mg/dL","definition":"The total amount of cholesterol in the blood, including LDL and HDL.","implication":"Elevated total cholesterol can contribute to plaque formation, increasing the risk of heart disease.","recommendations":"Adopt a heart-healthy diet, potentially including reducing saturated fats and cholesterol. Regular physical activity and weight management may also help in lowering cholesterol levels."},{"metric_name":"HDL Cholesterol","value_and_range":"34 mg/dL vs. 0–100 mg/dL","definition":"The high-density lipoprotein cholesterol, also known as ''good'' cholesterol.","implication":"Low HDL levels are associated with a higher risk of cardiovascular disease, as HDL helps to remove cholesterol from the bloodstream.","recommendations":"Increase physical activity, consume healthy fats from sources like olive oil and nuts, and avoid smoking to boost HDL levels."},{"metric_name":"LDL Cholesterol","value_and_range":"122 mg/dL vs. 0–100 mg/dL","definition":"Low-density lipoprotein cholesterol, often referred to as ''bad'' cholesterol.","implication":"High LDL levels can lead to the buildup of plaques in arteries, increasing the risk of heart attacks and strokes.","recommendations":"Consider reducing intake of saturated and trans fats, increase fiber-rich foods, and consult with a healthcare provider about possible lipid-lowering medications if lifestyle modifications are insufficient."}],"recommendations":["Implement dietary changes to lower LDL and total cholesterol, focusing on fiber-rich foods and reducing saturated fat intake.","Increase regular physical activity, such as engaging in at least 150 minutes of moderate-intensity exercise per week, to improve lipid profiles.","Monitor lipid levels regularly in consultation with healthcare providers to assess the effectiveness of lifestyle changes and make adjustments as needed."]}', 'gpt-4o', 0, '2025-08-24T10:30:00.585Z', 1);
INSERT INTO ai_outputs_log (id, user_id, output_type, prompt, response, model_version, processing_time_ms, created_at, system_id) VALUES (3, 1, 'system_insights', 'system_id:8', '{"system_status":"Optimal","summary_insight":"The urinary system appears to be functioning well based on the provided lab metrics. Blood Urea Nitrogen (BUN) is at 14 mg/dL, and Creatinine is at 1.16 mg/dL, both comfortably within their normal ranges. There are no visual studies provided, which limits the ability to confirm imaging observations, but based on the lab data alone, there are no apparent issues with the kidney function at this time.","out_of_range_metrics":[],"recommendations":["Maintain a balanced diet with adequate hydration to support renal health.","Schedule regular follow-ups to monitor kidney function, especially if there are any standard risk factors such as age or hypertension.","Consider imaging studies in future assessments for a more comprehensive evaluation, especially if symptoms or clinical concerns arise."]}', 'gpt-4o', 0, '2025-08-24T10:30:03.213Z', 8);
INSERT INTO ai_outputs_log (id, user_id, output_type, prompt, response, model_version, processing_time_ms, created_at, system_id) VALUES (4, 1, 'system_insights', 'system_id:7', '{"system_status":"Optimal","summary_insight":"The lab metrics for the endocrine system indicate that the glucose level is within the normal range (92 mg/dL, normal range 0–100 mg/dL). As there are no visual studies available for review, the assessment is made solely on laboratory data. Current glucose level suggests normal functioning of glucose metabolism within the endocrine system. Without any additional data or trends from imaging studies, the endocrine system appears to be operating optimally at this time.","out_of_range_metrics":[],"recommendations":["Maintain a balanced diet rich in whole grains, fruits, and vegetables to support normal glucose metabolism.","Engage in regular physical activity, such as walking or cycling, to aid in maintaining healthy blood glucose levels.","Schedule periodic reviews of glucose levels to monitor any changes over time and adjust lifestyle factors accordingly."]}', 'gpt-4o', 0, '2025-08-24T10:30:05.956Z', 7);
INSERT INTO ai_outputs_log (id, user_id, output_type, prompt, response, model_version, processing_time_ms, created_at, system_id) VALUES (5, 1, 'system_insights', 'system_id:5', '{"system_status":"Mild Concern","summary_insight":"The lab metric for calcium, while important for skeletal health, shows a value of 9.3 mg/dL. Although this value appears to be significantly below the conventional range (normally around 8.5-10.2 mg/dL for adults), the data suggests an abnormal range, which needs re-evaluation for accuracy. Additionally, there are no current imaging studies provided to corroborate or challenge this finding. Without imaging data, evaluating bone density or structural integrity is limited to lab metrics, which in this case, require further clarification.","out_of_range_metrics":[{"metric_name":"Calcium","value_and_range":"9.3 mg/dL vs. 0–100 mg/dL","definition":"Calcium is essential for bone health, aiding in bone development and maintenance.","implication":"A disparate range suggests a possible error. If considered against standard values, this calcium level could indicate normal bone turnover. However, the misalignment in range demands reassessment of laboratory protocol or recalibration.","recommendations":"Confirm laboratory range accuracy via consultation with the testing facility or repeat testing if necessary to ensure accurate clinical assessment."}],"recommendations":["Verify the laboratory range for calcium to confirm its applicability and adjust interpretation accordingly.","Consider obtaining a bone density scan or other imaging to provide more comprehensive skeletal system insights.","Maintain adequate intake of calcium and vitamin D through diet or supplements, pending further evaluation and professional guidance."]}', 'gpt-4o', 0, '2025-08-24T10:30:09.908Z', 5);
INSERT INTO ai_outputs_log (id, user_id, output_type, prompt, response, model_version, processing_time_ms, created_at, system_id) VALUES (6, 1, 'system_insights', 'system_id:1', '{"system_status":"At Risk","summary_insight":"The cardiovascular lab metrics indicate several areas of concern. Total cholesterol, LDL cholesterol, and triglycerides are above typical desired levels, suggesting potential dyslipidemia. High-density lipoprotein (HDL) cholesterol values are critical here; in one instance, the value has dropped to 34 mg/dL which is considered low. There are no visual studies available to confirm potential atherosclerotic changes, which makes it crucial to rely on lab findings for risk stratification. The overall lipid profile suggests increased cardiovascular risk.","out_of_range_metrics":[{"metric_name":"Cholesterol, Total","value_and_range":"178 mg/dL vs. 0–100 mg/dL","definition":"Total cholesterol measures the overall amount of cholesterol in the blood.","implication":"Elevated total cholesterol can increase the risk of cardiovascular disease.","recommendations":"Adopt a heart-healthy diet low in saturated fats, increase physical activity, and consult a healthcare provider for the potential need for lipid-lowering medications."},{"metric_name":"Triglycerides","value_and_range":"116 mg/dL vs. 0–100 mg/dL","definition":"Triglycerides measure the amount of fat in the blood.","implication":"High triglyceride levels are associated with an increased risk of heart disease.","recommendations":"Limit sugar and alcohol intake, and increase physical activity to help lower triglyceride levels."},{"metric_name":"HDL Cholesterol","value_and_range":"34 mg/dL vs. 0–100 mg/dL","definition":"HDL cholesterol is the ''good'' cholesterol that helps remove other forms of cholesterol from the bloodstream.","implication":"Low HDL can increase the risk of heart disease.","recommendations":"Incorporate more physical exercise, particularly aerobic activities, and consider dietary adjustments to increase healthy fats like those found in fish and nuts."},{"metric_name":"LDL Cholesterol","value_and_range":"122 mg/dL vs. 0–100 mg/dL","definition":"LDL cholesterol is the ''bad'' cholesterol that can build up on the walls of blood vessels and increase cardiovascular risk.","implication":"Elevated LDL levels are a significant risk factor for coronary artery disease.","recommendations":"Reduce intake of foods high in saturated fat and cholesterol, increase soluble fiber intake, and discuss the possibility of medication with a healthcare professional."}],"recommendations":["Consider dietary changes to lower saturated fat and increase fiber intake, potentially benefiting all cholesterol measures.","Implement regular aerobic exercise to improve HDL levels and overall cardiovascular health.","Consult a healthcare provider for personalized risk assessment and potential medical intervention due to abnormal cholesterol and triglyceride levels.","Monitor lipid levels frequently to assess response to lifestyle changes and therapies."]}', 'gpt-4o', 0, '2025-08-24T10:40:25.195Z', 1);
INSERT INTO ai_outputs_log (id, user_id, output_type, prompt, response, model_version, processing_time_ms, created_at, system_id) VALUES (7, 1, 'system_insights', 'system_id:8', '{"system_status":"Optimal","summary_insight":"The comprehensive evaluation of the urinary system, based on the available lab metrics, indicates all assessed values are well within normal limits. Specifically, Urea Nitrogen (BUN) is at 14 mg/dL and Creatinine is at 1.16 mg/dL, both of which are comfortably within the provided normal ranges. Although no visual studies are available for integration into this assessment, the lab data alone suggests optimal kidney function with no indications of abnormality.","out_of_range_metrics":[],"recommendations":["Continue regular monitoring of kidney function with routine lab tests every 6-12 months to ensure values remain stable.","Maintain a balanced diet with adequate hydration to support optimal kidney health.","Engage in regular physical activity, which can help maintain a healthy body weight and blood pressure, benefiting kidney health."]}', 'gpt-4o', 0, '2025-08-24T10:40:28.171Z', 8);
INSERT INTO ai_outputs_log (id, user_id, output_type, prompt, response, model_version, processing_time_ms, created_at, system_id) VALUES (8, 1, 'system_insights', 'system_id:7', '{"system_status":"Optimal","summary_insight":"The endocrine system evaluation presents normal glucose lab metrics with no outliers or abnormalities detected. The glucose level measured at 92 mg/dL falls comfortably within the normal range of 0–100 mg/dL. This level suggests stable and effective blood sugar regulation under current conditions. No imaging data is available to augment this assessment, but there are no current indications from lab results to suggest otherwise.","out_of_range_metrics":[],"recommendations":["Maintain a balanced diet with appropriate carbohydrate intake to ensure stable glucose levels.","Engage in regular physical activity to support ongoing metabolic health.","Continue routine monitoring of blood glucose levels to detect any potential future changes.","Consider periodic review with a healthcare provider to ensure all endocrine functions remain optimal."]}', 'gpt-4o', 0, '2025-08-24T10:40:30.682Z', 7);
INSERT INTO ai_outputs_log (id, user_id, output_type, prompt, response, model_version, processing_time_ms, created_at, system_id) VALUES (9, 1, 'system_insights', 'system_id:12', '{"system_status":"At Risk","summary_insight":"The sensory system is currently assessed as ''At Risk'' based on lab metrics. Key findings include out-of-range keratometry and pachymetry. Although no visual studies were available for holistic evaluation, the significant deviations in important parameters such as keratometry indices and pachymetry values suggest potential structural or functional issues within the corneal system, typically associated with conditions affecting visual acuity such as keratoconus.","out_of_range_metrics":[{"metric_name":"Mean K","value_and_range":"-7 D vs. 0–100 D","definition":"Mean K represents the average corneal curvature, a key indicator in assessing corneal shape.","implication":"This negative value indicates an abnormal reading possibly pointing to corneal thinning or deformity.","recommendations":"A comprehensive corneal topography should be conducted to further assess corneal contour and health."},{"metric_name":"Flat K","value_and_range":"-6.5 D vs. 0–100 D","definition":"Flat K measures the flattest curvature of the cornea, providing insights into corneal regularity.","implication":"Negative values suggest significant corneal irregularity or errors in measurement, necessitating reevaluation.","recommendations":"Ensure calibration of measurement tools and confirm with an ophthalmologist to ensure no instrumentation error."},{"metric_name":"Steep K","value_and_range":"-7.51 D vs. 0–100 D","definition":"Steep K represents the steepest part of the corneal curvature.","implication":"Abnormal readings could suggest corneal ectasia or measurement inaccuracies.","recommendations":"Conduct a refraction test and revisit device calibration to confirm these readings."},{"metric_name":"Pachymetry Thinnest","value_and_range":"475 µm vs. 0–100 µm","definition":"Pachymetry measures corneal thickness, essential for evaluating corneal health.","implication":"A lower thickness than expected for 0–100 µm could indicate corneal thinning disorders.","recommendations":"Regular monitoring and potentially protective measures such as avoiding eye trauma are recommended."},{"metric_name":"Central Pachymetry","value_and_range":"502 µm vs. 0–100 µm","definition":"Central pachymetry also indicates the thickness at the center of the cornea.","implication":"Corneal thinning detected could affect intraocular pressure readings and risk corneal degradation.","recommendations":"Routine follow-up visits with an optometrist for pachymetry and intraocular pressure checks are advised."}],"recommendations":["Schedule an appointment with an ophthalmologist for detailed corneal topography to corroborate lab findings.","Ensure that all instrumentation is correctly calibrated to eliminate any measurement error before making further assessments.","Consider protective eyewear to safeguard against potential eye injuries which might exacerbate existing conditions.","Regular follow-up visits are crucial for monitoring progression and managing potential complications arising from corneal irregularities."]}', 'gpt-4o', 0, '2025-08-24T17:13:23.831Z', 12);
INSERT INTO ai_outputs_log (id, user_id, output_type, prompt, response, model_version, processing_time_ms, created_at, system_id) VALUES (10, 1, 'system_insights', 'system_id:6', '{"system_status":"Optimal","summary_insight":"The current analysis for the digestive system includes only lab metrics which are all within normal ranges. There are no visual studies available to influence the assessment. Both ''Astigmatism'' and ''Astigmatism Zernike'' metrics are not relevant to the digestive system; they appear to be mislabeled or misinterpreted in this context, as these terms typically relate to ophthalmological assessments. Therefore, based on the available data, the system is considered optimal.","out_of_range_metrics":[],"recommendations":["Verify the relevance of provided metrics to the digestive system and consider re-evaluation with appropriate data.","If additional digestive system issues are suspected, consider conducting relevant enzyme tests such as amylase and lipase.","Schedule an imaging study (e.g., abdominal ultrasound or CT scan) if gastrointestinal symptoms warrant further investigation."]}', 'gpt-4o', 0, '2025-08-24T17:13:27.447Z', 6);
INSERT INTO ai_outputs_log (id, user_id, output_type, prompt, response, model_version, processing_time_ms, created_at, system_id) VALUES (11, 1, 'system_insights', 'system_id:1', '{"system_status":"At Risk","summary_insight":"The cardiovascular system assessment based on the provided lab metrics indicates potential concerns mainly due to the lipid profile values. The total cholesterol level and LDL cholesterol are elevated above standard healthy ranges, suggesting increased risk for cardiovascular disease over time. HDL cholesterol is noted to be low compared to desired healthy levels, further contributing to risk. However, no visual studies are available to integrate with these lab findings, limiting insights into structural or functional cardiac changes.","out_of_range_metrics":[{"metric_name":"Cholesterol, Total","value_and_range":"178 mg/dL vs. 0–100 mg/dL","definition":"Total cholesterol is the sum of blood''s cholesterol content, including LDL, HDL, and VLDL.","implication":"Elevated total cholesterol levels are associated with an increased risk of atherosclerosis and cardiovascular diseases.","recommendations":"Adopt a heart-healthy diet low in saturated fats, increase physical activity, and consult a healthcare provider for possible cholesterol-lowering medications."},{"metric_name":"LDL Cholesterol","value_and_range":"122 mg/dL vs. 0–100 mg/dL","definition":"Low-density lipoprotein cholesterol often referred to as ''bad'' cholesterol, which can deposit in artery walls.","implication":"High LDL cholesterol levels increase the risk of plaque buildup in arteries, leading to cardiovascular disease.","recommendations":"Reduce dietary intake of trans fats and cholesterol, consider plant sterols and stanols, and discuss potential statin therapy with a healthcare provider."},{"metric_name":"HDL Cholesterol","value_and_range":"34 mg/dL vs. 0–100 mg/dL","definition":"High-density lipoprotein cholesterol, known as ''good'' cholesterol, helps remove other cholesterol forms from the bloodstream.","implication":"Low HDL cholesterol may increase the risk of heart disease, as it plays a protective role by transporting cholesterol to the liver for excretion.","recommendations":"Increase physical activity, quit smoking, and consider a Mediterranean-style diet rich in healthy fats like those from fish and nuts."}],"recommendations":["Engage in regular cardiovascular exercise such as brisk walking or cycling at least 150 minutes per week.","Adopt a diet rich in fruits, vegetables, whole grains, lean proteins, and heart-healthy fats like omega-3 fatty acids.","Regularly monitor lipid levels every 4-6 months to assess effectiveness of lifestyle modifications and make necessary adjustments."]}', 'gpt-4o', 0, '2025-08-24T17:13:39.171Z', 1);
INSERT INTO ai_outputs_log (id, user_id, output_type, prompt, response, model_version, processing_time_ms, created_at, system_id) VALUES (12, 1, 'system_insights', 'system_id:12', '{"system_status":"At Risk","summary_insight":"The analysis of both lab metrics and visual studies indicates concerns related to corneal parameters. Lab metrics reveal several keratometry measurements within abnormal ranges, particularly indicating steep curvature and a high keratoconus probability. The visual study further correlates these findings, showing central corneal steepening with a high refractive power that aligns with the suspicion of keratoconus. There is a notable progression compared to earlier data, highlighting a worsening in corneal topography that corroborates increased curvature and keratoconus risk.","out_of_range_metrics":[{"metric_name":"Kprob (Keratoconus Probability)","value_and_range":"100% vs. 0–100%","definition":"Probability indicator of keratoconus severity based on corneal topography","implication":"A 100% value suggests a high certainty of keratoconus presence, which could lead to vision distortion and progressive myopia.","recommendations":"Consult with an ophthalmologist for a comprehensive assessment and potential interventions such as corneal cross-linking."},{"metric_name":"CLMIaa (Corneal Lenticule Maximum Apex Asymmetry)","value_and_range":"7.28 D vs. 0–100 D","definition":"Measures asymmetry in corneal shape, often increased in keratoconus","implication":"Higher values can indicate corneal irregularity, common in keratoconus, affecting visual clarity.","recommendations":"Consider corrective lenses or surgical assessment to manage asymmetry."},{"metric_name":"Coma Zernike","value_and_range":"1.32 D vs. 0–100 D","definition":"Measures the degree of coma aberration in the eye''s optics","implication":"Elevated levels could contribute to visual symptoms like halos or glare, typical in keratoconus.","recommendations":"Evaluation for advanced corrective measures or customized lens solutions to address the visual aberration."}],"recommendations":["Schedule a consultation with a keratoconus specialist for potential treatments such as corneal cross-linking.","Consider the use of rigid gas permeable contact lenses to improve vision quality by addressing corneal irregularity.","Regular monitoring of keratometry and topographical studies to track disease progression and adjust treatment as needed."]}', 'gpt-4o', 0, '2025-08-24T17:17:47.186Z', 12);
INSERT INTO ai_outputs_log (id, user_id, output_type, prompt, response, model_version, processing_time_ms, created_at, system_id) VALUES (13, 1, 'system_insights', 'system_id:6', '{"system_status":"Optimal","summary_insight":"Upon reviewing the provided laboratory data for the digestive system, with metrics labeled under ''Astigmatism'' which seems misplaced under the digestive category, all values are well within the purported normal ranges. There are no associated visual studies provided for cross-referencing or imaging insights. Given the lab metrics, all values fall significantly below the upper boundaries of their respective ranges, suggesting no immediate concerns in the context evaluated.","out_of_range_metrics":[],"recommendations":["Ensure that the labeling of metrics corresponds correctly to the digestive system; investigate possible data categorization errors.","Maintain regular health check-ups to monitor any unexpected changes in digestive health, considering no imaging studies are present.","Verify and cross-check future lab metrics with applicable imaging studies to improve assessment accuracy."]}', 'gpt-4o', 0, '2025-08-24T17:17:51.017Z', 6);
INSERT INTO ai_outputs_log (id, user_id, output_type, prompt, response, model_version, processing_time_ms, created_at, system_id) VALUES (14, 1, 'system_insights', 'system_id:1', '{"system_status":"At Risk","summary_insight":"The cardiovascular system shows potential risk factors due to elevated LDL cholesterol levels. Additionally, the HDL cholesterol, which is protective of heart health, is at the lower end and falls below what is typically considered optimal, further increasing cardiovascular risk. No visual study data was provided to complement or contrast with these findings.","out_of_range_metrics":[{"metric_name":"LDL Cholesterol","value_and_range":"122 mg/dL vs. 0–100 mg/dL","definition":"Low-Density Lipoprotein (LDL) cholesterol, often referred to as ''bad'' cholesterol, can accumulate in the walls of blood vessels and contribute to atherosclerosis.","implication":"Elevated LDL levels are associated with an increased risk of atherosclerosis and cardiovascular disease.","recommendations":"Consider dietary adjustments to reduce saturated fat and cholesterol intake, engage in regular physical activity, and consult with a healthcare provider about possible medication to manage cholesterol levels."},{"metric_name":"HDL Cholesterol","value_and_range":"34 mg/dL vs. 0–100 mg/dL","definition":"High-Density Lipoprotein (HDL) cholesterol, known as ''good'' cholesterol, helps remove other forms of cholesterol from the bloodstream.","implication":"Low HDL levels can reduce the body''s ability to clear cholesterol effectively, leading to higher cardiovascular risk.","recommendations":"Increase physical activity, particularly aerobic exercise; incorporate healthy fats, such as those found in olive oil and fish; and avoid trans fats to improve HDL levels."}],"recommendations":["Monitor lipid levels regularly and consider lifestyle modifications like increasing physical activity and adopting a heart-healthy diet.","Discuss with a healthcare provider about the need for therapeutic interventions, such as statins, to manage elevated LDL cholesterol.","Implement dietary changes to increase intake of omega-3 fatty acids and fiber to promote better cardiovascular health."]}', 'gpt-4o', 0, '2025-08-24T17:17:56.841Z', 1);
INSERT INTO ai_outputs_log (id, user_id, output_type, prompt, response, model_version, processing_time_ms, created_at, system_id) VALUES (15, 1, 'system_insights', 'system_id:12', '{"system_status":"High Risk","summary_insight":"The sensory system, particularly the visual aspect, displays significant concerns that suggest abnormal corneal features, potentially indicative of keratoconus. Several metrics, both lab and imaging, reveal irregularities including high Coma Zernike values, significant astigmatism, and corneal thinning, highlighted by the AI summary from the keratometry and topography studies. These findings are consistent with keratoconus, as suggested by the keratometry exam showing central corneal steepening and elevated refractive power. The persistently high keratoconus probability score further reinforces the risk assessment.","out_of_range_metrics":[{"metric_name":"Cylinder OS","value_and_range":"-3.75 vs. 0–100","definition":"Cylindrical power measures the degree of astigmatism in the eye","implication":"High values point towards significant astigmatism, associated with irregular corneal shape","recommendations":"Eye examination including corneal topography; consider corrective lenses or surgical options"},{"metric_name":"Cylinder OD","value_and_range":"-3.75 vs. 0–100","definition":"Cylindrical power measures the degree of astigmatism in the eye","implication":"High values indicate severe astigmatism, potentially affecting vision clarity","recommendations":"Comprehensive ophthalmological evaluation and prescription of corrective lenses"},{"metric_name":"Coma Zernike","value_and_range":"1.32 D vs. 0–100 D","definition":"Coma is an optical aberration that affects the clarity of vision, particularly at night","implication":"Elevated comalike aberrations may indicate structural corneal irregularities such as keratoconus","recommendations":"Consult an ophthalmologist for possible corrective procedures like cross-linking"},{"metric_name":"Kprob","value_and_range":"100% vs. 0–100%","definition":"Probability percentage indicating risk of keratoconus","implication":"Maximum probability indicates high risk for keratoconus development","recommendations":"Further investigations such as corneal mapping and genetic testing if available"},{"metric_name":"Pachymetry Thinnest","value_and_range":"475 µm vs. 0–100 µm","definition":"Measures the thinnest point of the cornea","implication":"Thinner corneas are indicative of keratoconus or corneal dystrophies","recommendations":"Regular follow-up with pachymetry tests for monitoring progression"}],"recommendations":["Schedule regular eye examinations to monitor corneal curvature and astigmatism changes over time.","Consider corrective options including rigid contact lenses or surgical interventions like corneal cross-linking if keratoconus is confirmed.","Engage in lifestyle changes to avoid activities that could exacerbate eye strain or damage, such as reducing screen time and avoiding eye rubbing.","Consult an ophthalmologist for potential genetic testing and evaluation of family history for hereditary eye conditions related to keratoconus."]}', 'gpt-4o', 0, '2025-08-24T17:22:48.113Z', 12);
INSERT INTO ai_outputs_log (id, user_id, output_type, prompt, response, model_version, processing_time_ms, created_at, system_id) VALUES (16, 1, 'system_insights', 'system_id:12', '{"system_status":"At Risk","summary_insight":"The evaluation of sensory system data reveals significant myopic astigmatism in both eyes with sphere and cylinder metrics showing myopia and high astigmatism. Visual studies through keratometry and eye topography have identified central corneal steepening and high refractive power, suggests the potential presence of keratoconus. Lab metrics such as Sphere OD/OS and Cylinder OD/OS are highly abnormal and align with findings from imaging studies, pointing to structural changes in the cornea. These suggest an overall elevated risk for the development of corneal ectasia or keratoconus.","out_of_range_metrics":[{"metric_name":"Sphere OD","value_and_range":"-0.75 vs. 0–100","definition":"The sphere measures the degree of myopia or hyperopia.","implication":"A negative sphere value indicates myopia, suggesting that the eye is focused at a point in front of the retina, resulting in blurred distance vision.","recommendations":"Correction with appropriate spectacle or contact lens prescription to improve visual acuity."},{"metric_name":"Cylinder OD","value_and_range":"-3.75 vs. 0–100","definition":"The cylinder value measures the degree of astigmatism in the eye.","implication":"A high negative cylinder value indicates significant astigmatism, which means the cornea or lens has an irregular shape causing blurred or distorted vision.","recommendations":"Spectacle correction with cylindrical lenses or consideration of toric contact lenses for vision correction."},{"metric_name":"Sphere OS","value_and_range":"-0.75 vs. 0–100","definition":"The sphere measures the degree of myopia or hyperopia.","implication":"Similar to OD, indicates myopic condition requiring vision correction.","recommendations":"Regular eye exams and optical correction as needed."},{"metric_name":"Cylinder OS","value_and_range":"-3.75 vs. 0–100","definition":"The cylinder value measures the degree of astigmatism in the eye.","implication":"Highly elevated, indicating potential corneal irregularity contributing to visual disturbances.","recommendations":"Corneal imaging analysis regularly and vision correction via specialized lenses."},{"metric_name":"Keratometry (Flat K)","value_and_range":"41.37 D from visual study vs. variation","definition":"Flat K refers to the flatter meridian of the cornea measured in diopters.","implication":"A lower-than-expected steepness can be indicative of thinning in that meridian, suggesting changes consistent with keratoconus.","recommendations":"Close monitoring with advanced corneal imaging; consider consultation for corneal cross-linking if progression is noted."}],"recommendations":["Schedule regular follow-up appointments with an ophthalmologist to monitor changes in corneal structure and function.","Consider getting a comprehensive corneal mapping and topography analysis for a more detailed assessment of corneal shape and thickness variations.","Discuss potential treatment options such as customized contact lenses or corneal cross-linking with an eye care specialist.","Ensure regular updates and adjustments to corrective lenses to maintain optimal vision quality given the progressive nature of detected abnormalities.","Implement protective measures against environmental factors that could exacerbate ocular surface conditions, including the use of protective eyewear."]}', 'gpt-4o', 0, '2025-08-24T17:36:45.644Z', 12);
INSERT INTO ai_outputs_log (id, user_id, output_type, prompt, response, model_version, processing_time_ms, created_at, system_id) VALUES (17, 1, 'system_insights', 'system_id:6', '{"system_status":"Optimal","summary_insight":"The provided lab metrics, associated with the digestive system but clearly mislabeled with optical terms like Astigmatism and LT (usually ophthalmological metrics), all fall within the provided normal range of 0 to 100. Since no actual digestive-related metrics or imaging studies are present in the dataset, the system status remains Optimal based on available data. It is important to verify the data source for accuracy, as the metrics appear unrelated to their specified system context.","out_of_range_metrics":[],"recommendations":["Verify that lab metrics are correctly associated with the intended biological system, as there may be a clerical error.","Consider additional testing specific to the digestive system if this was your intended focus, including relevant labs like liver function tests or vitamin absorption levels.","Ensure the context of lab data aligns with expected physiological parameters to avoid misinterpretation."]}', 'gpt-4o', 0, '2025-08-24T17:36:49.397Z', 6);
INSERT INTO ai_outputs_log (id, user_id, output_type, prompt, response, model_version, processing_time_ms, created_at, system_id) VALUES (18, 1, 'system_insights', 'system_id:2', '{"system_status":"High Risk","summary_insight":"The lab metrics for the nervous/brain system indicate central corneal thickness (CCT) values significantly exceeding the upper normal limit, suggesting potential edema or other pathological changes. The lack of visual study data limits further insights into structural or functional implications commonly observable through imaging techniques.","out_of_range_metrics":[{"metric_name":"CCT","value_and_range":"487 µm vs. 0–100 µm","definition":"Central Corneal Thickness (CCT) measures the thickness of the central part of the cornea.","implication":"Values significantly above the normal range may indicate corneal edema or other abnormalities affecting corneal structure and potentially intraocular pressure or neurological conditions.","recommendations":"Consider further diagnostic evaluations to identify underlying causes, such as corneal imaging or an ophthalmic consultation."},{"metric_name":"CCT","value_and_range":"467 µm vs. 0–100 µm","definition":"Central Corneal Thickness (CCT) measures the thickness of the central part of the cornea.","implication":"Similar to the other value, this elevated measurement may signal abnormal corneal conditions likely needing further assessment.","recommendations":"Promptly follow up with additional diagnostic tests or specialist evaluations to determine underlying issues."}],"recommendations":["Schedule a comprehensive eye examination, including corneal imaging, to understand the cause of abnormal CCT values.","Consult with a neurologist or ophthalmologist to assess potential nervous system impacts associated with elevated CCT.","Consider repeating the CCT measurement to confirm findings and assess trends over time.","Evaluate for any systemic conditions that could contribute to corneal changes, such as diabetes or hypertension.","Ensure patient is aware of any symptoms like visual changes, discomfort, or headaches, and monitor accordingly."]}', 'gpt-4o', 0, '2025-08-24T17:36:56.250Z', 2);
INSERT INTO ai_outputs_log (id, user_id, output_type, prompt, response, model_version, processing_time_ms, created_at, system_id) VALUES (19, 1, 'system_insights', 'system_id:1', '{"system_status":"At Risk","summary_insight":"The cardiovascular system shows multiple concerning lab metrics, including elevated LDL cholesterol and triglycerides, which could predispose to atherosclerotic cardiovascular disease. No visualization study data is provided, leaving important contextual information about vascular health unassessed. Overall, despite the absence of imaging findings, the increased cholesterol parameters suggest a need for lifestyle modification and potential medical intervention to manage cardiovascular risk.","out_of_range_metrics":[{"metric_name":"Cholesterol, Total","value_and_range":"178 mg/dL vs. 0–100 mg/dL","definition":"A measure of the total amount of cholesterol in the blood, including LDL, HDL, and VLDL.","implication":"Elevated total cholesterol increases the risk for developing cardiovascular diseases.","recommendations":"Adopt a heart-healthy diet, increase physical activity, consider cholesterol-lowering medications after consultation with a healthcare provider."},{"metric_name":"Triglycerides","value_and_range":"116 mg/dL vs. 0–100 mg/dL","definition":"A type of fat found in the blood, high levels can lead to cardiovascular disease.","implication":"Elevated triglycerides can contribute to atherosclerosis, increasing risk for heart attack and stroke.","recommendations":"Reduce caloric intake, prioritize fiber-rich foods, increase exercise, and consider omega-3 fatty acid supplementation."},{"metric_name":"LDL Cholesterol","value_and_range":"104, 122 mg/dL vs. 0–100 mg/dL","definition":"Low-density lipoprotein cholesterol, often referred to as ''bad'' cholesterol, which can accumulate on artery walls.","implication":"High LDL cholesterol levels are a major risk factor for coronary artery disease.","recommendations":"Limit saturated fat intake, increase physical activity, and discuss statin use with healthcare provider."}],"recommendations":["Implement a diet low in saturated fats and high in fruits, vegetables, and whole grains to reduce LDL levels.","Engage in regular physical activity, aiming for at least 150 minutes of moderate aerobic exercise weekly to improve lipid profile.","Discuss regular lipid monitoring and potential pharmacotherapy with a healthcare provider to manage elevated cholesterol levels effectively."]}', 'gpt-4o', 0, '2025-08-24T17:37:03.205Z', 1);
INSERT INTO ai_outputs_log (id, user_id, output_type, prompt, response, model_version, processing_time_ms, created_at, system_id) VALUES (20, 1, 'system_insights', 'system_id:12', '{"system_status":"At Risk","summary_insight":"The analysis of the sensory system indicates significant deviations in measurements related to eye refractive indices, specifically high cylinder values and associated astigmatism in both eyes. Additionally, the composite data from lab metrics and visual studies suggest possible structural changes in the cornea such as central steepening and potential keratoconus. Although the visual acuity is managed (20/20 OU), the refractive parameters indicate underlying concerns needing proactive management.","out_of_range_metrics":[{"metric_name":"Cylinder OD","value_and_range":"-3.75 vs. 0–100","definition":"Measurement of the astigmatism in the right eye; indicates the degree of cylindrical error and distortion of corneal shape.","implication":"Significant cylinder power suggesting marked astigmatism, potentially leading to blurred vision and visual discomfort.","recommendations":"Consider corrective lenses tailored to astigmatism and regular follow-up to monitor changes."},{"metric_name":"Cylinder OS","value_and_range":"-3.75 vs. 0–100","definition":"Measurement of the astigmatism in the left eye; similar to Cylinder OD, it measures the extent of corneal distortion.","implication":"Similar to OD, high value indicates considerable astigmatism that may affect vision quality.","recommendations":"Fitting for corrective lenses and regular eye examinations are recommended to manage and track progress."},{"metric_name":"Keratometry Sim K","value_and_range":"45.87 D vs. standard normal appearance","definition":"Sim K measures the curvature of the cornea''s surface; values above standard suggest steepening.","implication":"Incremental steepening may suggest developing keratoconus, a condition that distorts vision.","recommendations":"Further diagnostic imaging, possibly a corneal topography, and consultations with a specialist are recommended."}],"recommendations":["Schedule routine comprehensive eye exams to monitor changes in corneal structure and refractive indices.","Consider corrective lenses or contact lenses specifically designed for astigmatism to improve visual acuity and comfort.","Consult with an ophthalmologist to evaluate for keratoconus and consider cross-linking or other interventions if necessary.","Use protective eyewear during activities that could potentially injure the eyes, emphasizing preventive care."]}', 'gpt-4o', 0, '2025-08-24T17:38:15.796Z', 12);

-- Table: daily_plans
-- Columns: 6
-- Rows: 0

-- Table: health_systems
-- Columns: 4
-- Rows: 13

-- Data for health_systems
INSERT INTO health_systems (id, name, description, created_at) VALUES (1, 'Cardiovascular', 'Heart and blood vessel health', '2025-08-21T18:25:25.618Z');
INSERT INTO health_systems (id, name, description, created_at) VALUES (2, 'Nervous/Brain', 'Cognitive and neurological function', '2025-08-21T18:25:25.676Z');
INSERT INTO health_systems (id, name, description, created_at) VALUES (3, 'Respiratory', 'Lung and breathing function', '2025-08-21T18:25:25.733Z');
INSERT INTO health_systems (id, name, description, created_at) VALUES (4, 'Muscular', 'Muscle mass and strength', '2025-08-21T18:25:25.789Z');
INSERT INTO health_systems (id, name, description, created_at) VALUES (5, 'Skeletal', 'Bone health and density', '2025-08-21T18:25:25.846Z');
INSERT INTO health_systems (id, name, description, created_at) VALUES (6, 'Digestive', 'Gut health and liver function', '2025-08-21T18:25:25.903Z');
INSERT INTO health_systems (id, name, description, created_at) VALUES (7, 'Endocrine', 'Hormone regulation and metabolism', '2025-08-21T18:25:25.960Z');
INSERT INTO health_systems (id, name, description, created_at) VALUES (8, 'Urinary', 'Kidney and urinary function', '2025-08-21T18:25:26.017Z');
INSERT INTO health_systems (id, name, description, created_at) VALUES (9, 'Reproductive', 'Reproductive hormone health', '2025-08-21T18:25:26.076Z');
INSERT INTO health_systems (id, name, description, created_at) VALUES (10, 'Integumentary', 'Skin, hair, and nail health', '2025-08-21T18:25:26.132Z');
INSERT INTO health_systems (id, name, description, created_at) VALUES (11, 'Immune/Inflammation', 'Immune system and inflammation markers', '2025-08-21T18:25:26.189Z');
INSERT INTO health_systems (id, name, description, created_at) VALUES (12, 'Sensory', 'Vision, hearing, and sensory function', '2025-08-21T18:25:26.248Z');
INSERT INTO health_systems (id, name, description, created_at) VALUES (13, 'Genetics & Biological Age', 'Cellular aging and longevity markers', '2025-08-21T18:25:26.304Z');

-- Table: imaging_studies
-- Columns: 14
-- Rows: 4

-- Data for imaging_studies
INSERT INTO imaging_studies (id, user_id, linked_system_id, study_type, file_url, thumbnail_url, test_date, ai_summary, metrics_json, comparison_summary, metric_changes_json, status, created_at, updated_at) VALUES (1, 1, 12, 'keratometry', 'uploads/1756055769037-keramotery exam 11-15-2024.jpeg', 'uploads/thumbnails/thumb_1756055769037-keramotery exam 11-15-2024.jpg', '2024-11-15T00:00:00.000Z', 'The keratometry exam shows regular astigmatism with normal corneal curvature. Measurements indicate a steep K of 45.87 D and a flat K of 41.37 D.', [object Object],[object Object],[object Object],[object Object], NULL, NULL, 'processed', '2025-08-24T17:16:14.519Z', '2025-08-24T17:16:14.519Z');
INSERT INTO imaging_studies (id, user_id, linked_system_id, study_type, file_url, thumbnail_url, test_date, ai_summary, metrics_json, comparison_summary, metric_changes_json, status, created_at, updated_at) VALUES (2, 1, 12, 'eye_topography', 'uploads/1756055789453-keratometry exam nov 2024 1.jpeg', 'uploads/thumbnails/thumb_1756055789453-keratometry exam nov 2024 1.jpg', '2024-11-15T00:00:00.000Z', 'The keratometry exam shows central corneal steepening with high refractive power, suggesting possible keratoconus.', [object Object],[object Object],[object Object],[object Object],[object Object],[object Object], NULL, NULL, 'processed', '2025-08-24T17:16:35.366Z', '2025-08-24T17:16:35.366Z');
INSERT INTO imaging_studies (id, user_id, linked_system_id, study_type, file_url, thumbnail_url, test_date, ai_summary, metrics_json, comparison_summary, metric_changes_json, status, created_at, updated_at) VALUES (3, 1, 12, 'keratometry', 'uploads/1756057006927-keramotery exam 11-15-2024.jpeg', 'uploads/thumbnails/thumb_1756057006927-keramotery exam 11-15-2024.jpg', '2024-11-15T00:00:00.000Z', 'The keratometry exam shows regular astigmatism with normal corneal curvature. Measurements indicate a steep K of 43.98 D and a flat K of 41.76 D.', [object Object],[object Object],[object Object],[object Object],[object Object],[object Object], 'Comparison analysis unavailable', , 'processed', '2025-08-24T17:36:54.805Z', '2025-08-24T17:36:58.778Z');
INSERT INTO imaging_studies (id, user_id, linked_system_id, study_type, file_url, thumbnail_url, test_date, ai_summary, metrics_json, comparison_summary, metric_changes_json, status, created_at, updated_at) VALUES (4, 1, 12, 'eye_topography', 'uploads/1756057021429-keratometry exam nov 2024 1.jpeg', 'uploads/thumbnails/thumb_1756057021429-keratometry exam nov 2024 1.jpg', '2024-11-15T00:00:00.000Z', 'The keratometry exam shows regular astigmatism with normal corneal curvature and consistent measurements across different zones.', [object Object],[object Object],[object Object],[object Object],[object Object], 'Comparison analysis unavailable', , 'processed', '2025-08-24T17:37:05.515Z', '2025-08-24T17:37:09.014Z');

-- Table: metrics
-- Columns: 12
-- Rows: 153

-- Data for metrics
INSERT INTO metrics (id, user_id, upload_id, system_id, metric_name, metric_value, metric_unit, reference_range, is_key_metric, is_outlier, test_date, created_at) VALUES (139, 1, 11, 1, 'Cholesterol, Total', '178', 'mg/dL', '<200', false, false, '2025-08-24T00:00:00.000Z', '2025-08-24T10:39:15.834Z');
INSERT INTO metrics (id, user_id, upload_id, system_id, metric_name, metric_value, metric_unit, reference_range, is_key_metric, is_outlier, test_date, created_at) VALUES (140, 1, 11, 1, 'Triglycerides', '116', 'mg/dL', 'undefined-undefined', NULL, false, '2025-08-24T00:00:00.000Z', '2025-08-24T10:39:15.906Z');
INSERT INTO metrics (id, user_id, upload_id, system_id, metric_name, metric_value, metric_unit, reference_range, is_key_metric, is_outlier, test_date, created_at) VALUES (141, 1, 11, 1, 'HDL Cholesterol', '54', 'mg/dL', '>=40', false, false, '2025-08-24T00:00:00.000Z', '2025-08-24T10:39:15.963Z');
INSERT INTO metrics (id, user_id, upload_id, system_id, metric_name, metric_value, metric_unit, reference_range, is_key_metric, is_outlier, test_date, created_at) VALUES (142, 1, 11, 1, 'LDL Cholesterol', '104', 'mg/dL', '<100', false, false, '2025-08-24T00:00:00.000Z', '2025-08-24T10:39:16.020Z');
INSERT INTO metrics (id, user_id, upload_id, system_id, metric_name, metric_value, metric_unit, reference_range, is_key_metric, is_outlier, test_date, created_at) VALUES (143, 1, 11, 1, 'VLDL Cholesterol Cal', '23', 'mg/dL', '5-40', false, false, '2025-08-24T00:00:00.000Z', '2025-08-24T10:39:16.077Z');
INSERT INTO metrics (id, user_id, upload_id, system_id, metric_name, metric_value, metric_unit, reference_range, is_key_metric, is_outlier, test_date, created_at) VALUES (144, 1, 11, 8, 'Urea Nitrogen (BUN)', '14', 'mg/dL', '7-25', false, false, '2025-08-24T00:00:00.000Z', '2025-08-24T10:39:16.134Z');
INSERT INTO metrics (id, user_id, upload_id, system_id, metric_name, metric_value, metric_unit, reference_range, is_key_metric, is_outlier, test_date, created_at) VALUES (145, 1, 11, 8, 'Creatinine', '1.16', 'mg/dL', '0.60-1.35', false, false, '2025-08-24T00:00:00.000Z', '2025-08-24T10:39:16.191Z');
INSERT INTO metrics (id, user_id, upload_id, system_id, metric_name, metric_value, metric_unit, reference_range, is_key_metric, is_outlier, test_date, created_at) VALUES (146, 1, 11, 7, 'Glucose', '92', 'mg/dL', '65-99', false, false, '2025-08-24T00:00:00.000Z', '2025-08-24T10:39:16.248Z');
INSERT INTO metrics (id, user_id, upload_id, system_id, metric_name, metric_value, metric_unit, reference_range, is_key_metric, is_outlier, test_date, created_at) VALUES (147, 1, 12, 12, 'Anterior Axial Curvature', '1.3375', 'n', '', false, false, '2024-05-06T00:00:00.000Z', '2025-08-24T17:12:13.161Z');
INSERT INTO metrics (id, user_id, upload_id, system_id, metric_name, metric_value, metric_unit, reference_range, is_key_metric, is_outlier, test_date, created_at) VALUES (148, 1, 12, 12, 'Coma FitZone', '1.32', 'D', '', false, false, '2024-05-06T00:00:00.000Z', '2025-08-24T17:12:13.233Z');
INSERT INTO metrics (id, user_id, upload_id, system_id, metric_name, metric_value, metric_unit, reference_range, is_key_metric, is_outlier, test_date, created_at) VALUES (149, 1, 12, 12, 'SimK', '46.62', 'D', '', false, false, '2024-05-06T00:00:00.000Z', '2025-08-24T17:12:13.291Z');
INSERT INTO metrics (id, user_id, upload_id, system_id, metric_name, metric_value, metric_unit, reference_range, is_key_metric, is_outlier, test_date, created_at) VALUES (150, 1, 12, 12, 'Flat SimK (K1)', '44.88', 'D', '', false, false, '2024-05-06T00:00:00.000Z', '2025-08-24T17:12:13.349Z');
INSERT INTO metrics (id, user_id, upload_id, system_id, metric_name, metric_value, metric_unit, reference_range, is_key_metric, is_outlier, test_date, created_at) VALUES (151, 1, 12, 12, 'Steep SimK (K2)', '48.37', 'D', '', false, false, '2024-05-06T00:00:00.000Z', '2025-08-24T17:12:13.407Z');
INSERT INTO metrics (id, user_id, upload_id, system_id, metric_name, metric_value, metric_unit, reference_range, is_key_metric, is_outlier, test_date, created_at) VALUES (152, 1, 12, 6, 'Astigmatism', '3.49', 'D', '', false, false, '2024-05-06T00:00:00.000Z', '2025-08-24T17:12:13.465Z');
INSERT INTO metrics (id, user_id, upload_id, system_id, metric_name, metric_value, metric_unit, reference_range, is_key_metric, is_outlier, test_date, created_at) VALUES (153, 1, 12, 12, 'Mean K', '-7', 'D', '', false, false, '2024-05-06T00:00:00.000Z', '2025-08-24T17:12:13.523Z');
INSERT INTO metrics (id, user_id, upload_id, system_id, metric_name, metric_value, metric_unit, reference_range, is_key_metric, is_outlier, test_date, created_at) VALUES (154, 1, 12, 12, 'Flat K', '-6.5', 'D', '', false, false, '2024-05-06T00:00:00.000Z', '2025-08-24T17:12:13.581Z');
INSERT INTO metrics (id, user_id, upload_id, system_id, metric_name, metric_value, metric_unit, reference_range, is_key_metric, is_outlier, test_date, created_at) VALUES (155, 1, 12, 12, 'Steep K', '-7.51', 'D', '', false, false, '2024-05-06T00:00:00.000Z', '2025-08-24T17:12:13.639Z');
INSERT INTO metrics (id, user_id, upload_id, system_id, metric_name, metric_value, metric_unit, reference_range, is_key_metric, is_outlier, test_date, created_at) VALUES (156, 1, 12, 12, 'Mean TCPIOL', '45.23', 'D', '', false, false, '2024-05-06T00:00:00.000Z', '2025-08-24T17:12:13.700Z');
INSERT INTO metrics (id, user_id, upload_id, system_id, metric_name, metric_value, metric_unit, reference_range, is_key_metric, is_outlier, test_date, created_at) VALUES (157, 1, 12, 12, 'Flat TCPIOL', '43.77', 'D', '', false, false, '2024-05-06T00:00:00.000Z', '2025-08-24T17:12:13.758Z');
INSERT INTO metrics (id, user_id, upload_id, system_id, metric_name, metric_value, metric_unit, reference_range, is_key_metric, is_outlier, test_date, created_at) VALUES (158, 1, 12, 12, 'Steep TCPIOL', '46.69', 'D', '', false, false, '2024-05-06T00:00:00.000Z', '2025-08-24T17:12:13.816Z');
INSERT INTO metrics (id, user_id, upload_id, system_id, metric_name, metric_value, metric_unit, reference_range, is_key_metric, is_outlier, test_date, created_at) VALUES (159, 1, 12, 12, 'Pachymetry Thinnest', '475', 'µm', '', false, false, '2024-05-06T00:00:00.000Z', '2025-08-24T17:12:13.875Z');
INSERT INTO metrics (id, user_id, upload_id, system_id, metric_name, metric_value, metric_unit, reference_range, is_key_metric, is_outlier, test_date, created_at) VALUES (160, 1, 12, 12, 'Central Pachymetry', '502', 'µm', '', false, false, '2024-05-06T00:00:00.000Z', '2025-08-24T17:12:13.933Z');
INSERT INTO metrics (id, user_id, upload_id, system_id, metric_name, metric_value, metric_unit, reference_range, is_key_metric, is_outlier, test_date, created_at) VALUES (161, 1, 12, 12, 'ACV', '124', 'mm³', '', false, false, '2024-05-06T00:00:00.000Z', '2025-08-24T17:12:13.991Z');
INSERT INTO metrics (id, user_id, upload_id, system_id, metric_name, metric_value, metric_unit, reference_range, is_key_metric, is_outlier, test_date, created_at) VALUES (162, 1, 12, 12, 'ACD', '3.74', 'mm', '', false, false, '2024-05-06T00:00:00.000Z', '2025-08-24T17:12:14.049Z');
INSERT INTO metrics (id, user_id, upload_id, system_id, metric_name, metric_value, metric_unit, reference_range, is_key_metric, is_outlier, test_date, created_at) VALUES (163, 1, 12, 1, 'AL', '24.82', 'mm', '', false, false, '2024-05-06T00:00:00.000Z', '2025-08-24T17:12:14.107Z');
INSERT INTO metrics (id, user_id, upload_id, system_id, metric_name, metric_value, metric_unit, reference_range, is_key_metric, is_outlier, test_date, created_at) VALUES (164, 1, 12, 12, 'KPI', '88.2', '', '', false, false, '2024-05-06T00:00:00.000Z', '2025-08-24T17:12:14.165Z');
INSERT INTO metrics (id, user_id, upload_id, system_id, metric_name, metric_value, metric_unit, reference_range, is_key_metric, is_outlier, test_date, created_at) VALUES (165, 1, 12, 12, 'Kprob', '100', '%', '', false, false, '2024-05-06T00:00:00.000Z', '2025-08-24T17:12:14.224Z');
INSERT INTO metrics (id, user_id, upload_id, system_id, metric_name, metric_value, metric_unit, reference_range, is_key_metric, is_outlier, test_date, created_at) VALUES (166, 1, 12, 12, 'CLMIaa', '7.28', 'D', '', false, false, '2024-05-06T00:00:00.000Z', '2025-08-24T17:12:14.282Z');
INSERT INTO metrics (id, user_id, upload_id, system_id, metric_name, metric_value, metric_unit, reference_range, is_key_metric, is_outlier, test_date, created_at) VALUES (167, 1, 12, 12, 'Defocus', '-0.3', 'D', '', false, false, '2024-05-06T00:00:00.000Z', '2025-08-24T17:12:14.340Z');
INSERT INTO metrics (id, user_id, upload_id, system_id, metric_name, metric_value, metric_unit, reference_range, is_key_metric, is_outlier, test_date, created_at) VALUES (168, 1, 12, 6, 'Astigmatism Zernike', '1.75', 'D', '', false, false, '2024-05-06T00:00:00.000Z', '2025-08-24T17:12:14.398Z');
INSERT INTO metrics (id, user_id, upload_id, system_id, metric_name, metric_value, metric_unit, reference_range, is_key_metric, is_outlier, test_date, created_at) VALUES (169, 1, 12, 12, 'Coma Zernike', '1.32', 'D', '', false, false, '2024-05-06T00:00:00.000Z', '2025-08-24T17:12:14.456Z');
INSERT INTO metrics (id, user_id, upload_id, system_id, metric_name, metric_value, metric_unit, reference_range, is_key_metric, is_outlier, test_date, created_at) VALUES (170, 1, 12, 12, 'Trefoil', '0.65', 'D', '', false, false, '2024-05-06T00:00:00.000Z', '2025-08-24T17:12:14.514Z');
INSERT INTO metrics (id, user_id, upload_id, system_id, metric_name, metric_value, metric_unit, reference_range, is_key_metric, is_outlier, test_date, created_at) VALUES (171, 1, 12, 12, 'Spherical', '0.01', 'D', '', false, false, '2024-05-06T00:00:00.000Z', '2025-08-24T17:12:14.571Z');
INSERT INTO metrics (id, user_id, upload_id, system_id, metric_name, metric_value, metric_unit, reference_range, is_key_metric, is_outlier, test_date, created_at) VALUES (172, 1, 12, 12, 'RMS Total', '2.3', 'D', '', false, false, '2024-05-06T00:00:00.000Z', '2025-08-24T17:12:14.630Z');
INSERT INTO metrics (id, user_id, upload_id, system_id, metric_name, metric_value, metric_unit, reference_range, is_key_metric, is_outlier, test_date, created_at) VALUES (173, 1, 13, 12, 'Anterior Axial Curvature', '1.3375', 'n', 'N/A', false, false, '2022-08-05T00:00:00.000Z', '2025-08-24T17:15:45.430Z');
INSERT INTO metrics (id, user_id, upload_id, system_id, metric_name, metric_value, metric_unit, reference_range, is_key_metric, is_outlier, test_date, created_at) VALUES (174, 1, 13, 12, 'Coma FitZone', '2.68', 'D', 'N/A', false, false, '2022-08-05T00:00:00.000Z', '2025-08-24T17:15:45.487Z');
INSERT INTO metrics (id, user_id, upload_id, system_id, metric_name, metric_value, metric_unit, reference_range, is_key_metric, is_outlier, test_date, created_at) VALUES (175, 1, 13, 12, 'Flat SimK (K1)', '47.1', 'D', 'N/A', false, false, '2022-08-05T00:00:00.000Z', '2025-08-24T17:15:45.544Z');
INSERT INTO metrics (id, user_id, upload_id, system_id, metric_name, metric_value, metric_unit, reference_range, is_key_metric, is_outlier, test_date, created_at) VALUES (176, 1, 13, 12, 'Steep SimK (K2)', '52.61', 'D', 'N/A', false, false, '2022-08-05T00:00:00.000Z', '2025-08-24T17:15:45.601Z');
INSERT INTO metrics (id, user_id, upload_id, system_id, metric_name, metric_value, metric_unit, reference_range, is_key_metric, is_outlier, test_date, created_at) VALUES (177, 1, 13, 6, 'Astigmatism', '5.51', 'D', 'N/A', false, false, '2022-08-05T00:00:00.000Z', '2025-08-24T17:15:45.658Z');
INSERT INTO metrics (id, user_id, upload_id, system_id, metric_name, metric_value, metric_unit, reference_range, is_key_metric, is_outlier, test_date, created_at) VALUES (178, 1, 13, 12, 'Mean K', '-7.92', 'D', 'N/A', false, false, '2022-08-05T00:00:00.000Z', '2025-08-24T17:15:45.715Z');
INSERT INTO metrics (id, user_id, upload_id, system_id, metric_name, metric_value, metric_unit, reference_range, is_key_metric, is_outlier, test_date, created_at) VALUES (179, 1, 13, 12, 'Flat K', '-7.38', 'D', 'N/A', false, false, '2022-08-05T00:00:00.000Z', '2025-08-24T17:15:45.772Z');
INSERT INTO metrics (id, user_id, upload_id, system_id, metric_name, metric_value, metric_unit, reference_range, is_key_metric, is_outlier, test_date, created_at) VALUES (180, 1, 13, 12, 'Steep K', '-8.46', 'D', 'N/A', false, false, '2022-08-05T00:00:00.000Z', '2025-08-24T17:15:45.829Z');
INSERT INTO metrics (id, user_id, upload_id, system_id, metric_name, metric_value, metric_unit, reference_range, is_key_metric, is_outlier, test_date, created_at) VALUES (181, 1, 13, 12, 'Mean TCPIOL', '47.93', 'D', 'N/A', false, false, '2022-08-05T00:00:00.000Z', '2025-08-24T17:15:45.885Z');
INSERT INTO metrics (id, user_id, upload_id, system_id, metric_name, metric_value, metric_unit, reference_range, is_key_metric, is_outlier, test_date, created_at) VALUES (182, 1, 13, 12, 'Flat TCPIOL', '45.37', 'D', 'N/A', false, false, '2022-08-05T00:00:00.000Z', '2025-08-24T17:15:45.942Z');
INSERT INTO metrics (id, user_id, upload_id, system_id, metric_name, metric_value, metric_unit, reference_range, is_key_metric, is_outlier, test_date, created_at) VALUES (183, 1, 13, 12, 'Steep TCPIOL', '50.5', 'D', 'N/A', false, false, '2022-08-05T00:00:00.000Z', '2025-08-24T17:15:45.999Z');
INSERT INTO metrics (id, user_id, upload_id, system_id, metric_name, metric_value, metric_unit, reference_range, is_key_metric, is_outlier, test_date, created_at) VALUES (184, 1, 13, 12, 'Pachymetry Thinnest', '457', 'µm', 'N/A', false, false, '2022-08-05T00:00:00.000Z', '2025-08-24T17:15:46.059Z');
INSERT INTO metrics (id, user_id, upload_id, system_id, metric_name, metric_value, metric_unit, reference_range, is_key_metric, is_outlier, test_date, created_at) VALUES (185, 1, 13, 12, 'Central Pachymetry', '489', 'µm', 'N/A', false, false, '2022-08-05T00:00:00.000Z', '2025-08-24T17:15:46.116Z');
INSERT INTO metrics (id, user_id, upload_id, system_id, metric_name, metric_value, metric_unit, reference_range, is_key_metric, is_outlier, test_date, created_at) VALUES (186, 1, 13, 12, 'ACV', '130', 'mm³', 'N/A', false, false, '2022-08-05T00:00:00.000Z', '2025-08-24T17:15:46.172Z');
INSERT INTO metrics (id, user_id, upload_id, system_id, metric_name, metric_value, metric_unit, reference_range, is_key_metric, is_outlier, test_date, created_at) VALUES (187, 1, 13, 12, 'ACD', '3.76', 'mm', 'N/A', false, false, '2022-08-05T00:00:00.000Z', '2025-08-24T17:15:46.229Z');
INSERT INTO metrics (id, user_id, upload_id, system_id, metric_name, metric_value, metric_unit, reference_range, is_key_metric, is_outlier, test_date, created_at) VALUES (188, 1, 13, 1, 'AL', '25.19', 'mm', 'N/A', false, false, '2022-08-05T00:00:00.000Z', '2025-08-24T17:15:46.286Z');
INSERT INTO metrics (id, user_id, upload_id, system_id, metric_name, metric_value, metric_unit, reference_range, is_key_metric, is_outlier, test_date, created_at) VALUES (189, 1, 13, 12, 'Pupil Diameter', '2.31', 'mm', 'N/A', false, false, '2022-08-05T00:00:00.000Z', '2025-08-24T17:15:46.343Z');
INSERT INTO metrics (id, user_id, upload_id, system_id, metric_name, metric_value, metric_unit, reference_range, is_key_metric, is_outlier, test_date, created_at) VALUES (190, 1, 13, 12, 'Keratoconus Probability', '100', '%', 'N/A', false, false, '2022-08-05T00:00:00.000Z', '2025-08-24T17:15:46.399Z');
INSERT INTO metrics (id, user_id, upload_id, system_id, metric_name, metric_value, metric_unit, reference_range, is_key_metric, is_outlier, test_date, created_at) VALUES (191, 1, 13, 12, 'CLMIaa', '11.26', 'D', 'N/A', false, false, '2022-08-05T00:00:00.000Z', '2025-08-24T17:15:46.456Z');
INSERT INTO metrics (id, user_id, upload_id, system_id, metric_name, metric_value, metric_unit, reference_range, is_key_metric, is_outlier, test_date, created_at) VALUES (192, 1, 13, 12, 'Defocus', '-1.05', 'D', 'N/A', false, false, '2022-08-05T00:00:00.000Z', '2025-08-24T17:15:46.513Z');
INSERT INTO metrics (id, user_id, upload_id, system_id, metric_name, metric_value, metric_unit, reference_range, is_key_metric, is_outlier, test_date, created_at) VALUES (193, 1, 13, 6, 'Astigmatism Zernike', '2.12', 'D', 'N/A', false, false, '2022-08-05T00:00:00.000Z', '2025-08-24T17:15:46.570Z');
INSERT INTO metrics (id, user_id, upload_id, system_id, metric_name, metric_value, metric_unit, reference_range, is_key_metric, is_outlier, test_date, created_at) VALUES (194, 1, 13, 12, 'Coma Zernike', '2.68', 'D', 'N/A', false, false, '2022-08-05T00:00:00.000Z', '2025-08-24T17:15:46.626Z');
INSERT INTO metrics (id, user_id, upload_id, system_id, metric_name, metric_value, metric_unit, reference_range, is_key_metric, is_outlier, test_date, created_at) VALUES (195, 1, 13, 12, 'Trefoil', '0.84', 'D', 'N/A', false, false, '2022-08-05T00:00:00.000Z', '2025-08-24T17:15:46.683Z');
INSERT INTO metrics (id, user_id, upload_id, system_id, metric_name, metric_value, metric_unit, reference_range, is_key_metric, is_outlier, test_date, created_at) VALUES (196, 1, 13, 12, 'Spherical', '0.19', 'D', 'N/A', false, false, '2022-08-05T00:00:00.000Z', '2025-08-24T17:15:46.742Z');
INSERT INTO metrics (id, user_id, upload_id, system_id, metric_name, metric_value, metric_unit, reference_range, is_key_metric, is_outlier, test_date, created_at) VALUES (130, 1, 10, 1, 'Cholesterol, Total', '178', 'mg/dL', '<200', false, false, '2025-08-24T00:00:00.000Z', '2025-08-24T10:28:52.579Z');
INSERT INTO metrics (id, user_id, upload_id, system_id, metric_name, metric_value, metric_unit, reference_range, is_key_metric, is_outlier, test_date, created_at) VALUES (131, 1, 10, 1, 'Triglycerides', '116', 'mg/dL', 'undefined-undefined', NULL, false, '2025-08-24T00:00:00.000Z', '2025-08-24T10:28:52.644Z');
INSERT INTO metrics (id, user_id, upload_id, system_id, metric_name, metric_value, metric_unit, reference_range, is_key_metric, is_outlier, test_date, created_at) VALUES (132, 1, 10, 1, 'HDL Cholesterol', '34', 'mg/dL', '>=40', false, false, '2025-08-24T00:00:00.000Z', '2025-08-24T10:28:52.703Z');
INSERT INTO metrics (id, user_id, upload_id, system_id, metric_name, metric_value, metric_unit, reference_range, is_key_metric, is_outlier, test_date, created_at) VALUES (133, 1, 10, 1, 'LDL Cholesterol', '122', 'mg/dL', '<100', false, false, '2025-08-24T00:00:00.000Z', '2025-08-24T10:28:52.761Z');
INSERT INTO metrics (id, user_id, upload_id, system_id, metric_name, metric_value, metric_unit, reference_range, is_key_metric, is_outlier, test_date, created_at) VALUES (134, 1, 10, 1, 'VLDL Cholesterol', '23', 'mg/dL', '5-40', false, false, '2025-08-24T00:00:00.000Z', '2025-08-24T10:28:52.820Z');
INSERT INTO metrics (id, user_id, upload_id, system_id, metric_name, metric_value, metric_unit, reference_range, is_key_metric, is_outlier, test_date, created_at) VALUES (135, 1, 10, 8, 'Urea Nitrogen (BUN)', '14', 'mg/dL', '7-25', false, false, '2025-08-24T00:00:00.000Z', '2025-08-24T10:28:52.878Z');
INSERT INTO metrics (id, user_id, upload_id, system_id, metric_name, metric_value, metric_unit, reference_range, is_key_metric, is_outlier, test_date, created_at) VALUES (136, 1, 10, 8, 'Creatinine', '1.16', 'mg/dL', '0.60-1.35', false, false, '2025-08-24T00:00:00.000Z', '2025-08-24T10:28:52.937Z');
INSERT INTO metrics (id, user_id, upload_id, system_id, metric_name, metric_value, metric_unit, reference_range, is_key_metric, is_outlier, test_date, created_at) VALUES (137, 1, 10, 7, 'Glucose', '92', 'mg/dL', '65-99', false, false, '2025-08-24T00:00:00.000Z', '2025-08-24T10:28:52.995Z');
INSERT INTO metrics (id, user_id, upload_id, system_id, metric_name, metric_value, metric_unit, reference_range, is_key_metric, is_outlier, test_date, created_at) VALUES (138, 1, 10, 5, 'Calcium', '9.3', 'mg/dL', '8.6-10.3', false, false, '2025-08-24T00:00:00.000Z', '2025-08-24T10:28:53.054Z');
INSERT INTO metrics (id, user_id, upload_id, system_id, metric_name, metric_value, metric_unit, reference_range, is_key_metric, is_outlier, test_date, created_at) VALUES (197, 1, 13, 12, 'RMS Total', '3.68', 'D', 'N/A', false, false, '2022-08-05T00:00:00.000Z', '2025-08-24T17:15:46.799Z');
INSERT INTO metrics (id, user_id, upload_id, system_id, metric_name, metric_value, metric_unit, reference_range, is_key_metric, is_outlier, test_date, created_at) VALUES (198, 1, 14, 12, 'Sphere OD', '-0.75', '', '', false, false, '2024-11-16T00:00:00.000Z', '2025-08-24T17:21:05.473Z');
INSERT INTO metrics (id, user_id, upload_id, system_id, metric_name, metric_value, metric_unit, reference_range, is_key_metric, is_outlier, test_date, created_at) VALUES (199, 1, 14, 12, 'Cylinder OD', '-3.75', '', '', false, false, '2024-11-16T00:00:00.000Z', '2025-08-24T17:21:05.547Z');
INSERT INTO metrics (id, user_id, upload_id, system_id, metric_name, metric_value, metric_unit, reference_range, is_key_metric, is_outlier, test_date, created_at) VALUES (200, 1, 14, 12, 'Axis OD', '80', '', '', false, false, '2024-11-16T00:00:00.000Z', '2025-08-24T17:21:05.603Z');
INSERT INTO metrics (id, user_id, upload_id, system_id, metric_name, metric_value, metric_unit, reference_range, is_key_metric, is_outlier, test_date, created_at) VALUES (201, 1, 14, 12, 'Sphere OS', '-0.75', '', '', false, false, '2024-11-16T00:00:00.000Z', '2025-08-24T17:21:05.660Z');
INSERT INTO metrics (id, user_id, upload_id, system_id, metric_name, metric_value, metric_unit, reference_range, is_key_metric, is_outlier, test_date, created_at) VALUES (202, 1, 14, 12, 'Cylinder OS', '-3.75', '', '', false, false, '2024-11-16T00:00:00.000Z', '2025-08-24T17:21:05.717Z');
INSERT INTO metrics (id, user_id, upload_id, system_id, metric_name, metric_value, metric_unit, reference_range, is_key_metric, is_outlier, test_date, created_at) VALUES (203, 1, 14, 12, 'Axis OS', '110', '', '', false, false, '2024-11-16T00:00:00.000Z', '2025-08-24T17:21:05.774Z');
INSERT INTO metrics (id, user_id, upload_id, system_id, metric_name, metric_value, metric_unit, reference_range, is_key_metric, is_outlier, test_date, created_at) VALUES (204, 1, 15, 12, 'sphere_od', '-4', '', '', false, false, '2022-08-05T00:00:00.000Z', '2025-08-24T17:21:40.441Z');
INSERT INTO metrics (id, user_id, upload_id, system_id, metric_name, metric_value, metric_unit, reference_range, is_key_metric, is_outlier, test_date, created_at) VALUES (205, 1, 15, 12, 'cylinder_od', '4', '', '', false, false, '2022-08-05T00:00:00.000Z', '2025-08-24T17:21:40.500Z');
INSERT INTO metrics (id, user_id, upload_id, system_id, metric_name, metric_value, metric_unit, reference_range, is_key_metric, is_outlier, test_date, created_at) VALUES (206, 1, 15, 12, 'axis_od', '168', 'degrees', '', false, false, '2022-08-05T00:00:00.000Z', '2025-08-24T17:21:40.559Z');
INSERT INTO metrics (id, user_id, upload_id, system_id, metric_name, metric_value, metric_unit, reference_range, is_key_metric, is_outlier, test_date, created_at) VALUES (207, 1, 15, 12, 'sphere_os', '-4.25', '', '', false, false, '2022-08-05T00:00:00.000Z', '2025-08-24T17:21:40.617Z');
INSERT INTO metrics (id, user_id, upload_id, system_id, metric_name, metric_value, metric_unit, reference_range, is_key_metric, is_outlier, test_date, created_at) VALUES (208, 1, 15, 12, 'cylinder_os', '3.5', '', '', false, false, '2022-08-05T00:00:00.000Z', '2025-08-24T17:21:40.675Z');
INSERT INTO metrics (id, user_id, upload_id, system_id, metric_name, metric_value, metric_unit, reference_range, is_key_metric, is_outlier, test_date, created_at) VALUES (209, 1, 15, 12, 'axis_os', '5', 'degrees', '', false, false, '2022-08-05T00:00:00.000Z', '2025-08-24T17:21:40.733Z');
INSERT INTO metrics (id, user_id, upload_id, system_id, metric_name, metric_value, metric_unit, reference_range, is_key_metric, is_outlier, test_date, created_at) VALUES (210, 1, 15, 12, 'visual_acuity_od', '20', '/30', '', false, false, '2022-08-05T00:00:00.000Z', '2025-08-24T17:21:40.791Z');
INSERT INTO metrics (id, user_id, upload_id, system_id, metric_name, metric_value, metric_unit, reference_range, is_key_metric, is_outlier, test_date, created_at) VALUES (211, 1, 15, 12, 'visual_acuity_os', '20', '/20', '', false, false, '2022-08-05T00:00:00.000Z', '2025-08-24T17:21:40.850Z');
INSERT INTO metrics (id, user_id, upload_id, system_id, metric_name, metric_value, metric_unit, reference_range, is_key_metric, is_outlier, test_date, created_at) VALUES (212, 1, 15, 12, 'visual_acuity_ou', '20', '/20', '', false, false, '2022-08-05T00:00:00.000Z', '2025-08-24T17:21:40.908Z');
INSERT INTO metrics (id, user_id, upload_id, system_id, metric_name, metric_value, metric_unit, reference_range, is_key_metric, is_outlier, test_date, created_at) VALUES (213, 1, 16, 12, 'Coma FitZone', '1.32', 'D', 'N/A', false, false, '2022-08-05T00:00:00.000Z', '2025-08-24T17:34:39.957Z');
INSERT INTO metrics (id, user_id, upload_id, system_id, metric_name, metric_value, metric_unit, reference_range, is_key_metric, is_outlier, test_date, created_at) VALUES (214, 1, 16, 12, 'SimK', '46.62', 'D', 'N/A', false, false, '2022-08-05T00:00:00.000Z', '2025-08-24T17:34:40.022Z');
INSERT INTO metrics (id, user_id, upload_id, system_id, metric_name, metric_value, metric_unit, reference_range, is_key_metric, is_outlier, test_date, created_at) VALUES (215, 1, 16, 12, 'Flat SimK (K1)', '44.88', 'D', 'N/A', false, false, '2022-08-05T00:00:00.000Z', '2025-08-24T17:34:40.080Z');
INSERT INTO metrics (id, user_id, upload_id, system_id, metric_name, metric_value, metric_unit, reference_range, is_key_metric, is_outlier, test_date, created_at) VALUES (216, 1, 16, 12, 'Steep SimK (K2)', '48.37', 'D', 'N/A', false, false, '2022-08-05T00:00:00.000Z', '2025-08-24T17:34:40.138Z');
INSERT INTO metrics (id, user_id, upload_id, system_id, metric_name, metric_value, metric_unit, reference_range, is_key_metric, is_outlier, test_date, created_at) VALUES (218, 1, 16, 12, 'Mean K', '-7', 'D', 'N/A', false, false, '2022-08-05T00:00:00.000Z', '2025-08-24T17:34:40.257Z');
INSERT INTO metrics (id, user_id, upload_id, system_id, metric_name, metric_value, metric_unit, reference_range, is_key_metric, is_outlier, test_date, created_at) VALUES (219, 1, 16, 12, 'Flat K', '-6.5', 'D', 'N/A', false, false, '2022-08-05T00:00:00.000Z', '2025-08-24T17:34:40.315Z');
INSERT INTO metrics (id, user_id, upload_id, system_id, metric_name, metric_value, metric_unit, reference_range, is_key_metric, is_outlier, test_date, created_at) VALUES (220, 1, 16, 12, 'Steep K', '-7.51', 'D', 'N/A', false, false, '2022-08-05T00:00:00.000Z', '2025-08-24T17:34:40.379Z');
INSERT INTO metrics (id, user_id, upload_id, system_id, metric_name, metric_value, metric_unit, reference_range, is_key_metric, is_outlier, test_date, created_at) VALUES (222, 1, 16, 12, 'Mean TCPIOL', '45.23', 'D', 'N/A', false, false, '2022-08-05T00:00:00.000Z', '2025-08-24T17:34:40.495Z');
INSERT INTO metrics (id, user_id, upload_id, system_id, metric_name, metric_value, metric_unit, reference_range, is_key_metric, is_outlier, test_date, created_at) VALUES (223, 1, 16, 12, 'Flat TCPIOL', '43.77', 'D', 'N/A', false, false, '2022-08-05T00:00:00.000Z', '2025-08-24T17:34:40.553Z');
INSERT INTO metrics (id, user_id, upload_id, system_id, metric_name, metric_value, metric_unit, reference_range, is_key_metric, is_outlier, test_date, created_at) VALUES (224, 1, 16, 12, 'Steep TCPIOL', '46.69', 'D', 'N/A', false, false, '2022-08-05T00:00:00.000Z', '2025-08-24T17:34:40.611Z');
INSERT INTO metrics (id, user_id, upload_id, system_id, metric_name, metric_value, metric_unit, reference_range, is_key_metric, is_outlier, test_date, created_at) VALUES (226, 1, 16, 12, 'Thinnest Pachymetry', '475', 'µm', 'N/A', false, false, '2022-08-05T00:00:00.000Z', '2025-08-24T17:34:40.728Z');
INSERT INTO metrics (id, user_id, upload_id, system_id, metric_name, metric_value, metric_unit, reference_range, is_key_metric, is_outlier, test_date, created_at) VALUES (227, 1, 16, 12, 'Central Pachymetry', '502', 'µm', 'N/A', false, false, '2022-08-05T00:00:00.000Z', '2025-08-24T17:34:40.787Z');
INSERT INTO metrics (id, user_id, upload_id, system_id, metric_name, metric_value, metric_unit, reference_range, is_key_metric, is_outlier, test_date, created_at) VALUES (228, 1, 16, 2, 'CCT', '487', 'µm', 'N/A', false, false, '2022-08-05T00:00:00.000Z', '2025-08-24T17:34:40.845Z');
INSERT INTO metrics (id, user_id, upload_id, system_id, metric_name, metric_value, metric_unit, reference_range, is_key_metric, is_outlier, test_date, created_at) VALUES (229, 1, 16, 12, 'WTW, N-T', '11.97', 'mm', 'N/A', false, false, '2022-08-05T00:00:00.000Z', '2025-08-24T17:34:40.903Z');
INSERT INTO metrics (id, user_id, upload_id, system_id, metric_name, metric_value, metric_unit, reference_range, is_key_metric, is_outlier, test_date, created_at) VALUES (230, 1, 16, 12, 'Mean Angle', '37', '°', 'N/A', false, false, '2022-08-05T00:00:00.000Z', '2025-08-24T17:34:40.961Z');
INSERT INTO metrics (id, user_id, upload_id, system_id, metric_name, metric_value, metric_unit, reference_range, is_key_metric, is_outlier, test_date, created_at) VALUES (231, 1, 16, 12, 'ACV', '124', 'mm³', 'N/A', false, false, '2022-08-05T00:00:00.000Z', '2025-08-24T17:34:41.019Z');
INSERT INTO metrics (id, user_id, upload_id, system_id, metric_name, metric_value, metric_unit, reference_range, is_key_metric, is_outlier, test_date, created_at) VALUES (232, 1, 16, 6, 'LT', '3.73', 'mm', 'N/A', false, false, '2022-08-05T00:00:00.000Z', '2025-08-24T17:34:41.077Z');
INSERT INTO metrics (id, user_id, upload_id, system_id, metric_name, metric_value, metric_unit, reference_range, is_key_metric, is_outlier, test_date, created_at) VALUES (233, 1, 16, 12, 'ACD', '3.74', 'mm', 'N/A', false, false, '2022-08-05T00:00:00.000Z', '2025-08-24T17:34:41.137Z');
INSERT INTO metrics (id, user_id, upload_id, system_id, metric_name, metric_value, metric_unit, reference_range, is_key_metric, is_outlier, test_date, created_at) VALUES (234, 1, 16, 1, 'AL', '24.82', 'mm', 'N/A', false, false, '2022-08-05T00:00:00.000Z', '2025-08-24T17:34:41.195Z');
INSERT INTO metrics (id, user_id, upload_id, system_id, metric_name, metric_value, metric_unit, reference_range, is_key_metric, is_outlier, test_date, created_at) VALUES (235, 1, 16, 12, 'Pupil Diam', '2.4', 'mm', 'N/A', false, false, '2022-08-05T00:00:00.000Z', '2025-08-24T17:34:41.253Z');
INSERT INTO metrics (id, user_id, upload_id, system_id, metric_name, metric_value, metric_unit, reference_range, is_key_metric, is_outlier, test_date, created_at) VALUES (236, 1, 16, 12, 'Kappa Dist', '0.2', 'mm', 'N/A', false, false, '2022-08-05T00:00:00.000Z', '2025-08-24T17:34:41.311Z');
INSERT INTO metrics (id, user_id, upload_id, system_id, metric_name, metric_value, metric_unit, reference_range, is_key_metric, is_outlier, test_date, created_at) VALUES (237, 1, 16, 12, 'AC Angle N', '35.6', '°', 'N/A', false, false, '2022-08-05T00:00:00.000Z', '2025-08-24T17:34:41.369Z');
INSERT INTO metrics (id, user_id, upload_id, system_id, metric_name, metric_value, metric_unit, reference_range, is_key_metric, is_outlier, test_date, created_at) VALUES (238, 1, 16, 12, 'AC Angle T', '35.6', '°', 'N/A', false, false, '2022-08-05T00:00:00.000Z', '2025-08-24T17:34:41.427Z');
INSERT INTO metrics (id, user_id, upload_id, system_id, metric_name, metric_value, metric_unit, reference_range, is_key_metric, is_outlier, test_date, created_at) VALUES (239, 1, 16, 12, 'AC Angle S', '36.1', '°', 'N/A', false, false, '2022-08-05T00:00:00.000Z', '2025-08-24T17:34:41.485Z');
INSERT INTO metrics (id, user_id, upload_id, system_id, metric_name, metric_value, metric_unit, reference_range, is_key_metric, is_outlier, test_date, created_at) VALUES (240, 1, 16, 12, 'AC Angle I', '40.5', '°', 'N/A', false, false, '2022-08-05T00:00:00.000Z', '2025-08-24T17:34:41.544Z');
INSERT INTO metrics (id, user_id, upload_id, system_id, metric_name, metric_value, metric_unit, reference_range, is_key_metric, is_outlier, test_date, created_at) VALUES (241, 1, 16, 12, 'KPI', '88.2', '%', 'N/A', false, false, '2022-08-05T00:00:00.000Z', '2025-08-24T17:34:41.602Z');
INSERT INTO metrics (id, user_id, upload_id, system_id, metric_name, metric_value, metric_unit, reference_range, is_key_metric, is_outlier, test_date, created_at) VALUES (242, 1, 16, 12, 'Kprob', '100', '%', 'N/A', false, false, '2022-08-05T00:00:00.000Z', '2025-08-24T17:34:41.660Z');
INSERT INTO metrics (id, user_id, upload_id, system_id, metric_name, metric_value, metric_unit, reference_range, is_key_metric, is_outlier, test_date, created_at) VALUES (243, 1, 16, 12, 'CLMIaa', '7.28', 'D', 'N/A', false, false, '2022-08-05T00:00:00.000Z', '2025-08-24T17:34:41.719Z');
INSERT INTO metrics (id, user_id, upload_id, system_id, metric_name, metric_value, metric_unit, reference_range, is_key_metric, is_outlier, test_date, created_at) VALUES (244, 1, 16, 12, 'PPK', '100', '%', 'N/A', false, false, '2022-08-05T00:00:00.000Z', '2025-08-24T17:34:41.777Z');
INSERT INTO metrics (id, user_id, upload_id, system_id, metric_name, metric_value, metric_unit, reference_range, is_key_metric, is_outlier, test_date, created_at) VALUES (245, 1, 16, 12, 'Defocus', '-0.3', 'D', 'N/A', false, false, '2022-08-05T00:00:00.000Z', '2025-08-24T17:34:41.835Z');
INSERT INTO metrics (id, user_id, upload_id, system_id, metric_name, metric_value, metric_unit, reference_range, is_key_metric, is_outlier, test_date, created_at) VALUES (217, 1, 16, 6, 'Astigmatism', '1.75', 'D', 'N/A', false, false, '2022-08-05T00:00:00.000Z', '2025-08-24T17:34:40.196Z');
INSERT INTO metrics (id, user_id, upload_id, system_id, metric_name, metric_value, metric_unit, reference_range, is_key_metric, is_outlier, test_date, created_at) VALUES (247, 1, 16, 12, 'Coma', '1.32', 'D', 'N/A', false, false, '2022-08-05T00:00:00.000Z', '2025-08-24T17:34:41.952Z');
INSERT INTO metrics (id, user_id, upload_id, system_id, metric_name, metric_value, metric_unit, reference_range, is_key_metric, is_outlier, test_date, created_at) VALUES (248, 1, 16, 12, 'Trefoil', '0.65', 'D', 'N/A', false, false, '2022-08-05T00:00:00.000Z', '2025-08-24T17:34:42.011Z');
INSERT INTO metrics (id, user_id, upload_id, system_id, metric_name, metric_value, metric_unit, reference_range, is_key_metric, is_outlier, test_date, created_at) VALUES (249, 1, 16, 12, 'Spherical', '0.01', 'D', 'N/A', false, false, '2022-08-05T00:00:00.000Z', '2025-08-24T17:34:42.069Z');
INSERT INTO metrics (id, user_id, upload_id, system_id, metric_name, metric_value, metric_unit, reference_range, is_key_metric, is_outlier, test_date, created_at) VALUES (250, 1, 16, 12, 'RMS Total', '2.3', 'D', 'N/A', false, false, '2022-08-05T00:00:00.000Z', '2025-08-24T17:34:42.127Z');
INSERT INTO metrics (id, user_id, upload_id, system_id, metric_name, metric_value, metric_unit, reference_range, is_key_metric, is_outlier, test_date, created_at) VALUES (251, 1, 17, 12, 'Coma FitZone', '2.68', 'D', 'N/A', false, false, '2022-08-05T00:00:00.000Z', '2025-08-24T17:35:29.411Z');
INSERT INTO metrics (id, user_id, upload_id, system_id, metric_name, metric_value, metric_unit, reference_range, is_key_metric, is_outlier, test_date, created_at) VALUES (252, 1, 17, 12, 'SimK', '49.85', 'D', 'N/A', false, false, '2022-08-05T00:00:00.000Z', '2025-08-24T17:35:29.468Z');
INSERT INTO metrics (id, user_id, upload_id, system_id, metric_name, metric_value, metric_unit, reference_range, is_key_metric, is_outlier, test_date, created_at) VALUES (253, 1, 17, 12, 'Flat SimK (K1)', '47.1', 'D', 'N/A', false, false, '2022-08-05T00:00:00.000Z', '2025-08-24T17:35:29.531Z');
INSERT INTO metrics (id, user_id, upload_id, system_id, metric_name, metric_value, metric_unit, reference_range, is_key_metric, is_outlier, test_date, created_at) VALUES (254, 1, 17, 12, 'Steep SimK (K2)', '52.61', 'D', 'N/A', false, false, '2022-08-05T00:00:00.000Z', '2025-08-24T17:35:29.587Z');
INSERT INTO metrics (id, user_id, upload_id, system_id, metric_name, metric_value, metric_unit, reference_range, is_key_metric, is_outlier, test_date, created_at) VALUES (255, 1, 17, 6, 'Astigmatism', '5.51', 'D', 'N/A', false, false, '2022-08-05T00:00:00.000Z', '2025-08-24T17:35:29.644Z');
INSERT INTO metrics (id, user_id, upload_id, system_id, metric_name, metric_value, metric_unit, reference_range, is_key_metric, is_outlier, test_date, created_at) VALUES (256, 1, 17, 12, 'Mean K', '-7.92', 'D', 'N/A', false, false, '2022-08-05T00:00:00.000Z', '2025-08-24T17:35:29.701Z');
INSERT INTO metrics (id, user_id, upload_id, system_id, metric_name, metric_value, metric_unit, reference_range, is_key_metric, is_outlier, test_date, created_at) VALUES (257, 1, 17, 12, 'Flat K', '-7.38', 'D', 'N/A', false, false, '2022-08-05T00:00:00.000Z', '2025-08-24T17:35:29.757Z');
INSERT INTO metrics (id, user_id, upload_id, system_id, metric_name, metric_value, metric_unit, reference_range, is_key_metric, is_outlier, test_date, created_at) VALUES (258, 1, 17, 12, 'Steep K', '-8.46', 'D', 'N/A', false, false, '2022-08-05T00:00:00.000Z', '2025-08-24T17:35:29.814Z');
INSERT INTO metrics (id, user_id, upload_id, system_id, metric_name, metric_value, metric_unit, reference_range, is_key_metric, is_outlier, test_date, created_at) VALUES (259, 1, 17, 6, 'Astigmatism (Posterior)', '-1.09', 'D', 'N/A', false, false, '2022-08-05T00:00:00.000Z', '2025-08-24T17:35:29.871Z');
INSERT INTO metrics (id, user_id, upload_id, system_id, metric_name, metric_value, metric_unit, reference_range, is_key_metric, is_outlier, test_date, created_at) VALUES (260, 1, 17, 12, 'Mean TCPIOL', '47.93', 'D', 'N/A', false, false, '2022-08-05T00:00:00.000Z', '2025-08-24T17:35:29.927Z');
INSERT INTO metrics (id, user_id, upload_id, system_id, metric_name, metric_value, metric_unit, reference_range, is_key_metric, is_outlier, test_date, created_at) VALUES (261, 1, 17, 12, 'Flat TCPIOL', '45.37', 'D', 'N/A', false, false, '2022-08-05T00:00:00.000Z', '2025-08-24T17:35:29.984Z');
INSERT INTO metrics (id, user_id, upload_id, system_id, metric_name, metric_value, metric_unit, reference_range, is_key_metric, is_outlier, test_date, created_at) VALUES (262, 1, 17, 12, 'Steep TCPIOL', '50.5', 'D', 'N/A', false, false, '2022-08-05T00:00:00.000Z', '2025-08-24T17:35:30.041Z');
INSERT INTO metrics (id, user_id, upload_id, system_id, metric_name, metric_value, metric_unit, reference_range, is_key_metric, is_outlier, test_date, created_at) VALUES (263, 1, 17, 6, 'Astigmatism (TCPIOL)', '5.13', 'D', 'N/A', false, false, '2022-08-05T00:00:00.000Z', '2025-08-24T17:35:30.098Z');
INSERT INTO metrics (id, user_id, upload_id, system_id, metric_name, metric_value, metric_unit, reference_range, is_key_metric, is_outlier, test_date, created_at) VALUES (264, 1, 17, 12, 'Thinnest Pachymetry', '457', 'µm', 'N/A', false, false, '2022-08-05T00:00:00.000Z', '2025-08-24T17:35:30.155Z');
INSERT INTO metrics (id, user_id, upload_id, system_id, metric_name, metric_value, metric_unit, reference_range, is_key_metric, is_outlier, test_date, created_at) VALUES (265, 1, 17, 12, 'Central Pachymetry', '489', 'µm', 'N/A', false, false, '2022-08-05T00:00:00.000Z', '2025-08-24T17:35:30.212Z');
INSERT INTO metrics (id, user_id, upload_id, system_id, metric_name, metric_value, metric_unit, reference_range, is_key_metric, is_outlier, test_date, created_at) VALUES (266, 1, 17, 2, 'CCT', '467', 'µm', 'N/A', false, false, '2022-08-05T00:00:00.000Z', '2025-08-24T17:35:30.268Z');
INSERT INTO metrics (id, user_id, upload_id, system_id, metric_name, metric_value, metric_unit, reference_range, is_key_metric, is_outlier, test_date, created_at) VALUES (267, 1, 17, 12, 'ACV', '130', 'mm³', 'N/A', false, false, '2022-08-05T00:00:00.000Z', '2025-08-24T17:35:30.325Z');
INSERT INTO metrics (id, user_id, upload_id, system_id, metric_name, metric_value, metric_unit, reference_range, is_key_metric, is_outlier, test_date, created_at) VALUES (268, 1, 17, 6, 'LT', '3.71', 'mm', 'N/A', false, false, '2022-08-05T00:00:00.000Z', '2025-08-24T17:35:30.381Z');
INSERT INTO metrics (id, user_id, upload_id, system_id, metric_name, metric_value, metric_unit, reference_range, is_key_metric, is_outlier, test_date, created_at) VALUES (269, 1, 17, 12, 'ACD', '3.76', 'mm', 'N/A', false, false, '2022-08-05T00:00:00.000Z', '2025-08-24T17:35:30.438Z');
INSERT INTO metrics (id, user_id, upload_id, system_id, metric_name, metric_value, metric_unit, reference_range, is_key_metric, is_outlier, test_date, created_at) VALUES (270, 1, 17, 1, 'AL', '25.19', 'mm', 'N/A', false, false, '2022-08-05T00:00:00.000Z', '2025-08-24T17:35:30.494Z');
INSERT INTO metrics (id, user_id, upload_id, system_id, metric_name, metric_value, metric_unit, reference_range, is_key_metric, is_outlier, test_date, created_at) VALUES (271, 1, 17, 12, 'Pupil Diameter', '2.31', 'mm', 'N/A', false, false, '2022-08-05T00:00:00.000Z', '2025-08-24T17:35:30.551Z');
INSERT INTO metrics (id, user_id, upload_id, system_id, metric_name, metric_value, metric_unit, reference_range, is_key_metric, is_outlier, test_date, created_at) VALUES (272, 1, 17, 12, 'Kappa Distance', '0.42', 'mm', 'N/A', false, false, '2022-08-05T00:00:00.000Z', '2025-08-24T17:35:30.608Z');
INSERT INTO metrics (id, user_id, upload_id, system_id, metric_name, metric_value, metric_unit, reference_range, is_key_metric, is_outlier, test_date, created_at) VALUES (273, 1, 17, 12, 'AC Angle N', '35.2', '°', 'N/A', false, false, '2022-08-05T00:00:00.000Z', '2025-08-24T17:35:30.665Z');
INSERT INTO metrics (id, user_id, upload_id, system_id, metric_name, metric_value, metric_unit, reference_range, is_key_metric, is_outlier, test_date, created_at) VALUES (274, 1, 17, 12, 'AC Angle S', '42', '°', 'N/A', false, false, '2022-08-05T00:00:00.000Z', '2025-08-24T17:35:30.721Z');
INSERT INTO metrics (id, user_id, upload_id, system_id, metric_name, metric_value, metric_unit, reference_range, is_key_metric, is_outlier, test_date, created_at) VALUES (275, 1, 17, 12, 'AC Angle I', '46.8', '°', 'N/A', false, false, '2022-08-05T00:00:00.000Z', '2025-08-24T17:35:30.778Z');
INSERT INTO metrics (id, user_id, upload_id, system_id, metric_name, metric_value, metric_unit, reference_range, is_key_metric, is_outlier, test_date, created_at) VALUES (276, 1, 17, 12, 'KPI', '100', '%', 'N/A', false, false, '2022-08-05T00:00:00.000Z', '2025-08-24T17:35:30.834Z');
INSERT INTO metrics (id, user_id, upload_id, system_id, metric_name, metric_value, metric_unit, reference_range, is_key_metric, is_outlier, test_date, created_at) VALUES (277, 1, 17, 12, 'Kprob', '100', '%', 'N/A', false, false, '2022-08-05T00:00:00.000Z', '2025-08-24T17:35:30.891Z');
INSERT INTO metrics (id, user_id, upload_id, system_id, metric_name, metric_value, metric_unit, reference_range, is_key_metric, is_outlier, test_date, created_at) VALUES (278, 1, 17, 12, 'CLMIaa', '11.26', 'D', 'N/A', false, false, '2022-08-05T00:00:00.000Z', '2025-08-24T17:35:30.947Z');
INSERT INTO metrics (id, user_id, upload_id, system_id, metric_name, metric_value, metric_unit, reference_range, is_key_metric, is_outlier, test_date, created_at) VALUES (279, 1, 17, 12, 'PPK', '100', '%', 'N/A', false, false, '2022-08-05T00:00:00.000Z', '2025-08-24T17:35:31.004Z');
INSERT INTO metrics (id, user_id, upload_id, system_id, metric_name, metric_value, metric_unit, reference_range, is_key_metric, is_outlier, test_date, created_at) VALUES (280, 1, 17, 12, 'Defocus', '-1.05', 'D', 'N/A', false, false, '2022-08-05T00:00:00.000Z', '2025-08-24T17:35:31.061Z');
INSERT INTO metrics (id, user_id, upload_id, system_id, metric_name, metric_value, metric_unit, reference_range, is_key_metric, is_outlier, test_date, created_at) VALUES (281, 1, 17, 6, 'Astigmatism (Zernike)', '2.12', 'D', 'N/A', false, false, '2022-08-05T00:00:00.000Z', '2025-08-24T17:35:31.117Z');
INSERT INTO metrics (id, user_id, upload_id, system_id, metric_name, metric_value, metric_unit, reference_range, is_key_metric, is_outlier, test_date, created_at) VALUES (282, 1, 17, 12, 'Coma (Zernike)', '2.68', 'D', 'N/A', false, false, '2022-08-05T00:00:00.000Z', '2025-08-24T17:35:31.174Z');
INSERT INTO metrics (id, user_id, upload_id, system_id, metric_name, metric_value, metric_unit, reference_range, is_key_metric, is_outlier, test_date, created_at) VALUES (283, 1, 17, 12, 'Trefoil', '0.84', 'D', 'N/A', false, false, '2022-08-05T00:00:00.000Z', '2025-08-24T17:35:31.231Z');
INSERT INTO metrics (id, user_id, upload_id, system_id, metric_name, metric_value, metric_unit, reference_range, is_key_metric, is_outlier, test_date, created_at) VALUES (284, 1, 17, 12, 'Spherical', '0.19', 'D', 'N/A', false, false, '2022-08-05T00:00:00.000Z', '2025-08-24T17:35:31.287Z');
INSERT INTO metrics (id, user_id, upload_id, system_id, metric_name, metric_value, metric_unit, reference_range, is_key_metric, is_outlier, test_date, created_at) VALUES (285, 1, 17, 12, 'RMS Total', '3.68', 'D', 'N/A', false, false, '2022-08-05T00:00:00.000Z', '2025-08-24T17:35:31.344Z');

-- Table: questionnaire_responses
-- Columns: 7
-- Rows: 0

-- Table: uploads
-- Columns: 11
-- Rows: 8

-- Data for uploads
INSERT INTO uploads (id, user_id, filename, file_type, file_size, upload_type, storage_path, processing_status, processing_error, created_at, processed_at) VALUES (10, 1, 'Doc Dec 28, 2023, 11_10.pdf', 'application/pdf', 453441, 'manual', NULL, 'completed', NULL, '2025-08-24T10:28:52.507Z', NULL);
INSERT INTO uploads (id, user_id, filename, file_type, file_size, upload_type, storage_path, processing_status, processing_error, created_at, processed_at) VALUES (11, 1, 'Doc Dec 28, 2023, 11_10.pdf', 'application/pdf', 453441, 'manual', NULL, 'completed', NULL, '2025-08-24T10:39:15.717Z', NULL);
INSERT INTO uploads (id, user_id, filename, file_type, file_size, upload_type, storage_path, processing_status, processing_error, created_at, processed_at) VALUES (12, 1, 'keramotery 8-5-2022 HUSSAIN.ADIL.OS.visit_2022_08_05.16_41.export_2022_08_05.16_55_29.pdf', 'application/pdf', 215410, 'manual', NULL, 'completed', NULL, '2025-08-24T17:12:13.030Z', NULL);
INSERT INTO uploads (id, user_id, filename, file_type, file_size, upload_type, storage_path, processing_status, processing_error, created_at, processed_at) VALUES (13, 1, 'keratometry 8-5-2022 p1.OD.visit_2022_08_05.16_41.export_2022_08_05.16_55_52.pdf', 'application/pdf', 262366, 'manual', NULL, 'completed', NULL, '2025-08-24T17:15:45.367Z', NULL);
INSERT INTO uploads (id, user_id, filename, file_type, file_size, upload_type, storage_path, processing_status, processing_error, created_at, processed_at) VALUES (14, 1, 'eyes prescription nov 16 2024.jpeg', 'image/jpeg', 229133, 'manual', NULL, 'completed', NULL, '2025-08-24T17:21:05.395Z', NULL);
INSERT INTO uploads (id, user_id, filename, file_type, file_size, upload_type, storage_path, processing_status, processing_error, created_at, processed_at) VALUES (15, 1, 'GlassesRx 8-5-2022.pdf', 'application/pdf', 31477, 'manual', NULL, 'completed', NULL, '2025-08-24T17:21:40.376Z', NULL);
INSERT INTO uploads (id, user_id, filename, file_type, file_size, upload_type, storage_path, processing_status, processing_error, created_at, processed_at) VALUES (16, 1, 'keramotery 8-5-2022 HUSSAIN.ADIL.OS.visit_2022_08_05.16_41.export_2022_08_05.16_55_29.pdf', 'application/pdf', 215410, 'manual', NULL, 'completed', NULL, '2025-08-24T17:34:39.879Z', NULL);
INSERT INTO uploads (id, user_id, filename, file_type, file_size, upload_type, storage_path, processing_status, processing_error, created_at, processed_at) VALUES (17, 1, 'keratometry 8-5-2022 p1.OD.visit_2022_08_05.16_41.export_2022_08_05.16_55_52.pdf', 'application/pdf', 262366, 'manual', NULL, 'completed', NULL, '2025-08-24T17:35:29.348Z', NULL);

-- Table: user_custom_metrics
-- Columns: 12
-- Rows: 1

-- Data for user_custom_metrics
INSERT INTO user_custom_metrics (id, system_id, user_id, metric_name, value, units, normal_range_min, normal_range_max, range_applicable_to, source_type, review_status, created_at) VALUES (1, 1, 1, 'LDL, SMALL', '0', 'nmol/L', NULL, '527.000', 'All', 'user', 'pending', '2025-08-21T22:15:23.227Z');

-- Table: users
-- Columns: 7
-- Rows: 1

-- Data for users
INSERT INTO users (id, email, google_id, name, avatar_url, created_at, updated_at) VALUES (1, 'demo@healthapp.com', 'demo-123', 'Demo User', NULL, '2025-08-21T18:28:51.010Z', '2025-08-24T20:43:16.587Z');

