-- Database Snapshot Created: 2025-08-24T12:34:25.709Z
-- Environment: development
-- Tables: 10

-- Table: __drizzle_migrations
-- Columns: 3
-- Rows: 0

-- Table: ai_outputs_log
-- Columns: 9
-- Rows: 8

-- Data for ai_outputs_log
INSERT INTO ai_outputs_log (id, user_id, output_type, prompt, response, model_version, processing_time_ms, created_at, system_id) VALUES (1, 1, 'daily_plan', 'Generate daily health plan', '{"plan_date":"2025-08-22","recommendations":[{"category":"nutrition","action":"Increase intake of soluble fiber-rich foods such as oats, beans, and fruits to help lower LDL cholesterol levels.","reason":"Soluble fiber can help reduce the absorption of cholesterol into your bloodstream and is beneficial for managing LDL cholesterol levels.","priority":"high"},{"category":"exercise","action":"Engage in at least 30 minutes of moderate-intensity exercise like brisk walking, cycling, or swimming, five times a week.","reason":"Regular physical activity can boost HDL cholesterol and lower LDL cholesterol, improving overall heart health.","priority":"high"},{"category":"lifestyle","action":"Incorporate stress-management techniques such as meditation or yoga into your daily routine.","reason":"Reducing stress can positively impact lipid profiles and overall cardiovascular health.","priority":"medium"},{"category":"nutrition","action":"Limit consumption of saturated fats found in red meat and full-fat dairy products and replace them with healthier unsaturated fats from sources like olive oil, nuts, and avocados.","reason":"Limiting saturated fats can help reduce LDL cholesterol levels, improving heart health.","priority":"high"},{"category":"exercise","action":"Incorporate two days a week of strength training activities.","reason":"Strength training can help improve metabolic health and regulate blood glucose levels, which can support healthy lipid profiles.","priority":"medium"}],"key_focus_areas":["Cardiovascular Health","Blood Glucose Control"],"estimated_compliance_time_minutes":90}', 'gpt-4o', 0, '2025-08-21T21:34:18.616Z', NULL);
INSERT INTO ai_outputs_log (id, user_id, output_type, prompt, response, model_version, processing_time_ms, created_at, system_id) VALUES (2, 1, 'system_insights', 'system_id:1', '{"system_status":"At Risk","summary_insight":"The lab metrics indicate an increased cardiovascular risk due to dyslipidemia. Total cholesterol, LDL cholesterol, and HDL cholesterol values are out of the optimal range. These lab values suggest an elevated risk for atherosclerosis and cardiovascular diseases. No visual studies were provided, so the assessment is based solely on lab data. This places the cardiovascular system at an ''At Risk'' status, highlighting the need for corrective action.","out_of_range_metrics":[{"metric_name":"Cholesterol, Total","value_and_range":"178 mg/dL vs. 0–100 mg/dL","definition":"The total amount of cholesterol in the blood, including LDL and HDL.","implication":"Elevated total cholesterol can contribute to plaque formation, increasing the risk of heart disease.","recommendations":"Adopt a heart-healthy diet, potentially including reducing saturated fats and cholesterol. Regular physical activity and weight management may also help in lowering cholesterol levels."},{"metric_name":"HDL Cholesterol","value_and_range":"34 mg/dL vs. 0–100 mg/dL","definition":"The high-density lipoprotein cholesterol, also known as ''good'' cholesterol.","implication":"Low HDL levels are associated with a higher risk of cardiovascular disease, as HDL helps to remove cholesterol from the bloodstream.","recommendations":"Increase physical activity, consume healthy fats from sources like olive oil and nuts, and avoid smoking to boost HDL levels."},{"metric_name":"LDL Cholesterol","value_and_range":"122 mg/dL vs. 0–100 mg/dL","definition":"Low-density lipoprotein cholesterol, often referred to as ''bad'' cholesterol.","implication":"High LDL levels can lead to the buildup of plaques in arteries, increasing the risk of heart attacks and strokes.","recommendations":"Consider reducing intake of saturated and trans fats, increase fiber-rich foods, and consult with a healthcare provider about possible lipid-lowering medications if lifestyle modifications are insufficient."}],"recommendations":["Implement dietary changes to lower LDL and total cholesterol, focusing on fiber-rich foods and reducing saturated fat intake.","Increase regular physical activity, such as engaging in at least 150 minutes of moderate-intensity exercise per week, to improve lipid profiles.","Monitor lipid levels regularly in consultation with healthcare providers to assess the effectiveness of lifestyle changes and make adjustments as needed."]}', 'gpt-4o', 0, '2025-08-24T10:30:00.585Z', 1);
INSERT INTO ai_outputs_log (id, user_id, output_type, prompt, response, model_version, processing_time_ms, created_at, system_id) VALUES (3, 1, 'system_insights', 'system_id:8', '{"system_status":"Optimal","summary_insight":"The urinary system appears to be functioning well based on the provided lab metrics. Blood Urea Nitrogen (BUN) is at 14 mg/dL, and Creatinine is at 1.16 mg/dL, both comfortably within their normal ranges. There are no visual studies provided, which limits the ability to confirm imaging observations, but based on the lab data alone, there are no apparent issues with the kidney function at this time.","out_of_range_metrics":[],"recommendations":["Maintain a balanced diet with adequate hydration to support renal health.","Schedule regular follow-ups to monitor kidney function, especially if there are any standard risk factors such as age or hypertension.","Consider imaging studies in future assessments for a more comprehensive evaluation, especially if symptoms or clinical concerns arise."]}', 'gpt-4o', 0, '2025-08-24T10:30:03.213Z', 8);
INSERT INTO ai_outputs_log (id, user_id, output_type, prompt, response, model_version, processing_time_ms, created_at, system_id) VALUES (4, 1, 'system_insights', 'system_id:7', '{"system_status":"Optimal","summary_insight":"The lab metrics for the endocrine system indicate that the glucose level is within the normal range (92 mg/dL, normal range 0–100 mg/dL). As there are no visual studies available for review, the assessment is made solely on laboratory data. Current glucose level suggests normal functioning of glucose metabolism within the endocrine system. Without any additional data or trends from imaging studies, the endocrine system appears to be operating optimally at this time.","out_of_range_metrics":[],"recommendations":["Maintain a balanced diet rich in whole grains, fruits, and vegetables to support normal glucose metabolism.","Engage in regular physical activity, such as walking or cycling, to aid in maintaining healthy blood glucose levels.","Schedule periodic reviews of glucose levels to monitor any changes over time and adjust lifestyle factors accordingly."]}', 'gpt-4o', 0, '2025-08-24T10:30:05.956Z', 7);
INSERT INTO ai_outputs_log (id, user_id, output_type, prompt, response, model_version, processing_time_ms, created_at, system_id) VALUES (5, 1, 'system_insights', 'system_id:5', '{"system_status":"Mild Concern","summary_insight":"The lab metric for calcium, while important for skeletal health, shows a value of 9.3 mg/dL. Although this value appears to be significantly below the conventional range (normally around 8.5-10.2 mg/dL for adults), the data suggests an abnormal range, which needs re-evaluation for accuracy. Additionally, there are no current imaging studies provided to corroborate or challenge this finding. Without imaging data, evaluating bone density or structural integrity is limited to lab metrics, which in this case, require further clarification.","out_of_range_metrics":[{"metric_name":"Calcium","value_and_range":"9.3 mg/dL vs. 0–100 mg/dL","definition":"Calcium is essential for bone health, aiding in bone development and maintenance.","implication":"A disparate range suggests a possible error. If considered against standard values, this calcium level could indicate normal bone turnover. However, the misalignment in range demands reassessment of laboratory protocol or recalibration.","recommendations":"Confirm laboratory range accuracy via consultation with the testing facility or repeat testing if necessary to ensure accurate clinical assessment."}],"recommendations":["Verify the laboratory range for calcium to confirm its applicability and adjust interpretation accordingly.","Consider obtaining a bone density scan or other imaging to provide more comprehensive skeletal system insights.","Maintain adequate intake of calcium and vitamin D through diet or supplements, pending further evaluation and professional guidance."]}', 'gpt-4o', 0, '2025-08-24T10:30:09.908Z', 5);
INSERT INTO ai_outputs_log (id, user_id, output_type, prompt, response, model_version, processing_time_ms, created_at, system_id) VALUES (6, 1, 'system_insights', 'system_id:1', '{"system_status":"At Risk","summary_insight":"The cardiovascular lab metrics indicate several areas of concern. Total cholesterol, LDL cholesterol, and triglycerides are above typical desired levels, suggesting potential dyslipidemia. High-density lipoprotein (HDL) cholesterol values are critical here; in one instance, the value has dropped to 34 mg/dL which is considered low. There are no visual studies available to confirm potential atherosclerotic changes, which makes it crucial to rely on lab findings for risk stratification. The overall lipid profile suggests increased cardiovascular risk.","out_of_range_metrics":[{"metric_name":"Cholesterol, Total","value_and_range":"178 mg/dL vs. 0–100 mg/dL","definition":"Total cholesterol measures the overall amount of cholesterol in the blood.","implication":"Elevated total cholesterol can increase the risk of cardiovascular disease.","recommendations":"Adopt a heart-healthy diet low in saturated fats, increase physical activity, and consult a healthcare provider for the potential need for lipid-lowering medications."},{"metric_name":"Triglycerides","value_and_range":"116 mg/dL vs. 0–100 mg/dL","definition":"Triglycerides measure the amount of fat in the blood.","implication":"High triglyceride levels are associated with an increased risk of heart disease.","recommendations":"Limit sugar and alcohol intake, and increase physical activity to help lower triglyceride levels."},{"metric_name":"HDL Cholesterol","value_and_range":"34 mg/dL vs. 0–100 mg/dL","definition":"HDL cholesterol is the ''good'' cholesterol that helps remove other forms of cholesterol from the bloodstream.","implication":"Low HDL can increase the risk of heart disease.","recommendations":"Incorporate more physical exercise, particularly aerobic activities, and consider dietary adjustments to increase healthy fats like those found in fish and nuts."},{"metric_name":"LDL Cholesterol","value_and_range":"122 mg/dL vs. 0–100 mg/dL","definition":"LDL cholesterol is the ''bad'' cholesterol that can build up on the walls of blood vessels and increase cardiovascular risk.","implication":"Elevated LDL levels are a significant risk factor for coronary artery disease.","recommendations":"Reduce intake of foods high in saturated fat and cholesterol, increase soluble fiber intake, and discuss the possibility of medication with a healthcare professional."}],"recommendations":["Consider dietary changes to lower saturated fat and increase fiber intake, potentially benefiting all cholesterol measures.","Implement regular aerobic exercise to improve HDL levels and overall cardiovascular health.","Consult a healthcare provider for personalized risk assessment and potential medical intervention due to abnormal cholesterol and triglyceride levels.","Monitor lipid levels frequently to assess response to lifestyle changes and therapies."]}', 'gpt-4o', 0, '2025-08-24T10:40:25.195Z', 1);
INSERT INTO ai_outputs_log (id, user_id, output_type, prompt, response, model_version, processing_time_ms, created_at, system_id) VALUES (7, 1, 'system_insights', 'system_id:8', '{"system_status":"Optimal","summary_insight":"The comprehensive evaluation of the urinary system, based on the available lab metrics, indicates all assessed values are well within normal limits. Specifically, Urea Nitrogen (BUN) is at 14 mg/dL and Creatinine is at 1.16 mg/dL, both of which are comfortably within the provided normal ranges. Although no visual studies are available for integration into this assessment, the lab data alone suggests optimal kidney function with no indications of abnormality.","out_of_range_metrics":[],"recommendations":["Continue regular monitoring of kidney function with routine lab tests every 6-12 months to ensure values remain stable.","Maintain a balanced diet with adequate hydration to support optimal kidney health.","Engage in regular physical activity, which can help maintain a healthy body weight and blood pressure, benefiting kidney health."]}', 'gpt-4o', 0, '2025-08-24T10:40:28.171Z', 8);
INSERT INTO ai_outputs_log (id, user_id, output_type, prompt, response, model_version, processing_time_ms, created_at, system_id) VALUES (8, 1, 'system_insights', 'system_id:7', '{"system_status":"Optimal","summary_insight":"The endocrine system evaluation presents normal glucose lab metrics with no outliers or abnormalities detected. The glucose level measured at 92 mg/dL falls comfortably within the normal range of 0–100 mg/dL. This level suggests stable and effective blood sugar regulation under current conditions. No imaging data is available to augment this assessment, but there are no current indications from lab results to suggest otherwise.","out_of_range_metrics":[],"recommendations":["Maintain a balanced diet with appropriate carbohydrate intake to ensure stable glucose levels.","Engage in regular physical activity to support ongoing metabolic health.","Continue routine monitoring of blood glucose levels to detect any potential future changes.","Consider periodic review with a healthcare provider to ensure all endocrine functions remain optimal."]}', 'gpt-4o', 0, '2025-08-24T10:40:30.682Z', 7);

-- Table: daily_plans
-- Columns: 6
-- Rows: 0

-- Table: health_systems
-- Columns: 4
-- Rows: 13

-- Data for health_systems
INSERT INTO health_systems (id, name, description, created_at) VALUES (1, 'Cardiovascular', 'Heart and blood vessel health', '2025-08-21T18:25:25.618Z');
INSERT INTO health_systems (id, name, description, created_at) VALUES (2, 'Nervous/Brain', 'Cognitive and neurological function', '2025-08-21T18:25:25.676Z');
INSERT INTO health_systems (id, name, description, created_at) VALUES (3, 'Respiratory', 'Lung and breathing function', '2025-08-21T18:25:25.733Z');
INSERT INTO health_systems (id, name, description, created_at) VALUES (4, 'Muscular', 'Muscle mass and strength', '2025-08-21T18:25:25.789Z');
INSERT INTO health_systems (id, name, description, created_at) VALUES (5, 'Skeletal', 'Bone health and density', '2025-08-21T18:25:25.846Z');
INSERT INTO health_systems (id, name, description, created_at) VALUES (6, 'Digestive', 'Gut health and liver function', '2025-08-21T18:25:25.903Z');
INSERT INTO health_systems (id, name, description, created_at) VALUES (7, 'Endocrine', 'Hormone regulation and metabolism', '2025-08-21T18:25:25.960Z');
INSERT INTO health_systems (id, name, description, created_at) VALUES (8, 'Urinary', 'Kidney and urinary function', '2025-08-21T18:25:26.017Z');
INSERT INTO health_systems (id, name, description, created_at) VALUES (9, 'Reproductive', 'Reproductive hormone health', '2025-08-21T18:25:26.076Z');
INSERT INTO health_systems (id, name, description, created_at) VALUES (10, 'Integumentary', 'Skin, hair, and nail health', '2025-08-21T18:25:26.132Z');
INSERT INTO health_systems (id, name, description, created_at) VALUES (11, 'Immune/Inflammation', 'Immune system and inflammation markers', '2025-08-21T18:25:26.189Z');
INSERT INTO health_systems (id, name, description, created_at) VALUES (12, 'Sensory', 'Vision, hearing, and sensory function', '2025-08-21T18:25:26.248Z');
INSERT INTO health_systems (id, name, description, created_at) VALUES (13, 'Genetics & Biological Age', 'Cellular aging and longevity markers', '2025-08-21T18:25:26.304Z');

-- Table: imaging_studies
-- Columns: 14
-- Rows: 0

-- Table: metrics
-- Columns: 12
-- Rows: 17

-- Data for metrics
INSERT INTO metrics (id, user_id, upload_id, system_id, metric_name, metric_value, metric_unit, reference_range, is_key_metric, is_outlier, test_date, created_at) VALUES (139, 1, 11, 1, 'Cholesterol, Total', '178', 'mg/dL', '<200', false, false, '2025-08-24T00:00:00.000Z', '2025-08-24T10:39:15.834Z');
INSERT INTO metrics (id, user_id, upload_id, system_id, metric_name, metric_value, metric_unit, reference_range, is_key_metric, is_outlier, test_date, created_at) VALUES (140, 1, 11, 1, 'Triglycerides', '116', 'mg/dL', 'undefined-undefined', NULL, false, '2025-08-24T00:00:00.000Z', '2025-08-24T10:39:15.906Z');
INSERT INTO metrics (id, user_id, upload_id, system_id, metric_name, metric_value, metric_unit, reference_range, is_key_metric, is_outlier, test_date, created_at) VALUES (141, 1, 11, 1, 'HDL Cholesterol', '54', 'mg/dL', '>=40', false, false, '2025-08-24T00:00:00.000Z', '2025-08-24T10:39:15.963Z');
INSERT INTO metrics (id, user_id, upload_id, system_id, metric_name, metric_value, metric_unit, reference_range, is_key_metric, is_outlier, test_date, created_at) VALUES (142, 1, 11, 1, 'LDL Cholesterol', '104', 'mg/dL', '<100', false, false, '2025-08-24T00:00:00.000Z', '2025-08-24T10:39:16.020Z');
INSERT INTO metrics (id, user_id, upload_id, system_id, metric_name, metric_value, metric_unit, reference_range, is_key_metric, is_outlier, test_date, created_at) VALUES (143, 1, 11, 1, 'VLDL Cholesterol Cal', '23', 'mg/dL', '5-40', false, false, '2025-08-24T00:00:00.000Z', '2025-08-24T10:39:16.077Z');
INSERT INTO metrics (id, user_id, upload_id, system_id, metric_name, metric_value, metric_unit, reference_range, is_key_metric, is_outlier, test_date, created_at) VALUES (144, 1, 11, 8, 'Urea Nitrogen (BUN)', '14', 'mg/dL', '7-25', false, false, '2025-08-24T00:00:00.000Z', '2025-08-24T10:39:16.134Z');
INSERT INTO metrics (id, user_id, upload_id, system_id, metric_name, metric_value, metric_unit, reference_range, is_key_metric, is_outlier, test_date, created_at) VALUES (145, 1, 11, 8, 'Creatinine', '1.16', 'mg/dL', '0.60-1.35', false, false, '2025-08-24T00:00:00.000Z', '2025-08-24T10:39:16.191Z');
INSERT INTO metrics (id, user_id, upload_id, system_id, metric_name, metric_value, metric_unit, reference_range, is_key_metric, is_outlier, test_date, created_at) VALUES (146, 1, 11, 7, 'Glucose', '92', 'mg/dL', '65-99', false, false, '2025-08-24T00:00:00.000Z', '2025-08-24T10:39:16.248Z');
INSERT INTO metrics (id, user_id, upload_id, system_id, metric_name, metric_value, metric_unit, reference_range, is_key_metric, is_outlier, test_date, created_at) VALUES (130, 1, 10, 1, 'Cholesterol, Total', '178', 'mg/dL', '<200', false, false, '2025-08-24T00:00:00.000Z', '2025-08-24T10:28:52.579Z');
INSERT INTO metrics (id, user_id, upload_id, system_id, metric_name, metric_value, metric_unit, reference_range, is_key_metric, is_outlier, test_date, created_at) VALUES (131, 1, 10, 1, 'Triglycerides', '116', 'mg/dL', 'undefined-undefined', NULL, false, '2025-08-24T00:00:00.000Z', '2025-08-24T10:28:52.644Z');
INSERT INTO metrics (id, user_id, upload_id, system_id, metric_name, metric_value, metric_unit, reference_range, is_key_metric, is_outlier, test_date, created_at) VALUES (132, 1, 10, 1, 'HDL Cholesterol', '34', 'mg/dL', '>=40', false, false, '2025-08-24T00:00:00.000Z', '2025-08-24T10:28:52.703Z');
INSERT INTO metrics (id, user_id, upload_id, system_id, metric_name, metric_value, metric_unit, reference_range, is_key_metric, is_outlier, test_date, created_at) VALUES (133, 1, 10, 1, 'LDL Cholesterol', '122', 'mg/dL', '<100', false, false, '2025-08-24T00:00:00.000Z', '2025-08-24T10:28:52.761Z');
INSERT INTO metrics (id, user_id, upload_id, system_id, metric_name, metric_value, metric_unit, reference_range, is_key_metric, is_outlier, test_date, created_at) VALUES (134, 1, 10, 1, 'VLDL Cholesterol', '23', 'mg/dL', '5-40', false, false, '2025-08-24T00:00:00.000Z', '2025-08-24T10:28:52.820Z');
INSERT INTO metrics (id, user_id, upload_id, system_id, metric_name, metric_value, metric_unit, reference_range, is_key_metric, is_outlier, test_date, created_at) VALUES (135, 1, 10, 8, 'Urea Nitrogen (BUN)', '14', 'mg/dL', '7-25', false, false, '2025-08-24T00:00:00.000Z', '2025-08-24T10:28:52.878Z');
INSERT INTO metrics (id, user_id, upload_id, system_id, metric_name, metric_value, metric_unit, reference_range, is_key_metric, is_outlier, test_date, created_at) VALUES (136, 1, 10, 8, 'Creatinine', '1.16', 'mg/dL', '0.60-1.35', false, false, '2025-08-24T00:00:00.000Z', '2025-08-24T10:28:52.937Z');
INSERT INTO metrics (id, user_id, upload_id, system_id, metric_name, metric_value, metric_unit, reference_range, is_key_metric, is_outlier, test_date, created_at) VALUES (137, 1, 10, 7, 'Glucose', '92', 'mg/dL', '65-99', false, false, '2025-08-24T00:00:00.000Z', '2025-08-24T10:28:52.995Z');
INSERT INTO metrics (id, user_id, upload_id, system_id, metric_name, metric_value, metric_unit, reference_range, is_key_metric, is_outlier, test_date, created_at) VALUES (138, 1, 10, 5, 'Calcium', '9.3', 'mg/dL', '8.6-10.3', false, false, '2025-08-24T00:00:00.000Z', '2025-08-24T10:28:53.054Z');

-- Table: questionnaire_responses
-- Columns: 7
-- Rows: 0

-- Table: uploads
-- Columns: 11
-- Rows: 2

-- Data for uploads
INSERT INTO uploads (id, user_id, filename, file_type, file_size, upload_type, storage_path, processing_status, processing_error, created_at, processed_at) VALUES (10, 1, 'Doc Dec 28, 2023, 11_10.pdf', 'application/pdf', 453441, 'manual', NULL, 'completed', NULL, '2025-08-24T10:28:52.507Z', NULL);
INSERT INTO uploads (id, user_id, filename, file_type, file_size, upload_type, storage_path, processing_status, processing_error, created_at, processed_at) VALUES (11, 1, 'Doc Dec 28, 2023, 11_10.pdf', 'application/pdf', 453441, 'manual', NULL, 'completed', NULL, '2025-08-24T10:39:15.717Z', NULL);

-- Table: user_custom_metrics
-- Columns: 12
-- Rows: 1

-- Data for user_custom_metrics
INSERT INTO user_custom_metrics (id, system_id, user_id, metric_name, value, units, normal_range_min, normal_range_max, range_applicable_to, source_type, review_status, created_at) VALUES (1, 1, 1, 'LDL, SMALL', '0', 'nmol/L', NULL, '527.000', 'All', 'user', 'pending', '2025-08-21T22:15:23.227Z');

-- Table: users
-- Columns: 7
-- Rows: 1

-- Data for users
INSERT INTO users (id, email, google_id, name, avatar_url, created_at, updated_at) VALUES (1, 'demo@healthapp.com', 'demo-123', 'Demo User', NULL, '2025-08-21T18:28:51.010Z', '2025-08-24T11:10:00.871Z');

