{
  "Version": "2012-10-17",
  "Statement": [
    {
      "Sid": "ECRPermissions",
      "Effect": "Allow",
      "Action": [
        "ecr:GetAuthorizationToken",
        "ecr:BatchCheckLayerAvailability",
        "ecr:GetDownloadUrlForLayer",
        "ecr:BatchGetImage",
        "ecr:PutImage",
        "ecr:InitiateLayerUpload",
        "ecr:UploadLayerPart",
        "ecr:CompleteLayerUpload",
        "ecr:DescribeRepositories",
        "ecr:ListImages",
        "ecr:DescribeImages"
      ],
      "Resource": "*"
    },
    {
      "Sid": "ECSPermissions",
      "Effect": "Allow",
      "Action": [
        "ecs:DescribeTaskDefinition",
        "ecs:RegisterTaskDefinition",
        "ecs:DescribeServices",
        "ecs:UpdateService",
        "ecs:DescribeTasks",
        "ecs:ListTasks",
        "ecs:DescribeClusters"
      ],
      "Resource": "*"
    },
    {
      "Sid": "IAMPassRole",
      "Effect": "Allow",
      "Action": [
        "iam:PassRole"
      ],
      "Resource": [
        "arn:aws:iam::339713138893:role/ecsTaskExecutionRole",
        "arn:aws:iam::339713138893:role/ecsTaskRole"
      ]
    },
    {
      "Sid": "CloudWatchLogs",
      "Effect": "Allow",
      "Action": [
        "logs:CreateLogGroup",
        "logs:CreateLogStream",
        "logs:PutLogEvents",
        "logs:DescribeLogGroups",
        "logs:DescribeLogStreams"
      ],
      "Resource": "arn:aws:logs:us-east-1:339713138893:log-group:/ecs/majestic-app*"
    }
  ]
}