{
  "family": "majestic-app-task",
  "networkMode": "awsvpc",
  "requiresCompatibilities": ["FARGATE"],
  "cpu": "256",
  "memory": "512",
  "executionRoleArn": "arn:aws:iam::ACCOUNT_ID:role/ecsTaskExecutionRole",
  "taskRoleArn": "arn:aws:iam::ACCOUNT_ID:role/ecsTaskRole",
  "containerDefinitions": [
    {
      "name": "majestic-app",
      "image": "ACCOUNT_ID.dkr.ecr.REGION.amazonaws.com/majestic-app:latest",
      "essential": true,
      "portMappings": [
        {
          "containerPort": 5000,
          "protocol": "tcp"
        }
      ],
      "environment": [
        {
          "name": "NODE_ENV",
          "value": "production"
        },
        {
          "name": "PORT",
          "value": "5000"
        }
      ],
      "secrets": [
        {
          "name": "DB_PASSWORD",
          "valueFrom": "arn:aws:secretsmanager:REGION:ACCOUNT_ID:secret:prod/db-password"
        }
      ],
      "logConfiguration": {
        "logDriver": "awslogs",
        "options": {
          "awslogs-group": "/ecs/majestic-app",
          "awslogs-region": "us-east-1",
          "awslogs-stream-prefix": "ecs"
        }
      },
      "healthCheck": {
        "command": [
          "CMD-SHELL",
          "node -e \"require('http').get('http://0.0.0.0:5000/health', (r) => {process.exit(r.statusCode === 200 ? 0 : 1)})\""
        ],
        "interval": 30,
        "timeout": 5,
        "retries": 3,
        "startPeriod": 60
      }
    }
  ]
}