{
  "id": "ea442d39-9c6d-4883-9919-a87eadfe9cef",
  "prevId": "00000000-0000-0000-0000-000000000000",
  "version": "7",
  "dialect": "postgresql",
  "tables": {
    "public.ai_outputs_log": {
      "name": "ai_outputs_log",
      "schema": "",
      "columns": {
        "id": {
          "name": "id",
          "type": "serial",
          "primaryKey": true,
          "notNull": true
        },
        "user_id": {
          "name": "user_id",
          "type": "integer",
          "primaryKey": false,
          "notNull": false
        },
        "system_id": {
          "name": "system_id",
          "type": "integer",
          "primaryKey": false,
          "notNull": false
        },
        "input_type": {
          "name": "input_type",
          "type": "varchar(50)",
          "primaryKey": false,
          "notNull": false
        },
        "input_data": {
          "name": "input_data",
          "type": "text",
          "primaryKey": false,
          "notNull": false
        },
        "output_type": {
          "name": "output_type",
          "type": "varchar(50)",
          "primaryKey": false,
          "notNull": false
        },
        "output_data": {
          "name": "output_data",
          "type": "text",
          "primaryKey": false,
          "notNull": false
        },
        "processing_time": {
          "name": "processing_time",
          "type": "integer",
          "primaryKey": false,
          "notNull": false
        },
        "tokens_used": {
          "name": "tokens_used",
          "type": "integer",
          "primaryKey": false,
          "notNull": false
        },
        "created_at": {
          "name": "created_at",
          "type": "timestamp",
          "primaryKey": false,
          "notNull": false,
          "default": "now()"
        },
        "updated_at": {
          "name": "updated_at",
          "type": "timestamp",
          "primaryKey": false,
          "notNull": false,
          "default": "now()"
        }
      },
      "indexes": {},
      "foreignKeys": {
        "ai_outputs_log_user_id_users_id_fk": {
          "name": "ai_outputs_log_user_id_users_id_fk",
          "tableFrom": "ai_outputs_log",
          "tableTo": "users",
          "columnsFrom": [
            "user_id"
          ],
          "columnsTo": [
            "id"
          ],
          "onDelete": "cascade",
          "onUpdate": "no action"
        },
        "ai_outputs_log_system_id_health_systems_id_fk": {
          "name": "ai_outputs_log_system_id_health_systems_id_fk",
          "tableFrom": "ai_outputs_log",
          "tableTo": "health_systems",
          "columnsFrom": [
            "system_id"
          ],
          "columnsTo": [
            "id"
          ],
          "onDelete": "no action",
          "onUpdate": "no action"
        }
      },
      "compositePrimaryKeys": {},
      "uniqueConstraints": {},
      "policies": {},
      "checkConstraints": {},
      "isRLSEnabled": false
    },
    "public.daily_plans": {
      "name": "daily_plans",
      "schema": "",
      "columns": {
        "id": {
          "name": "id",
          "type": "serial",
          "primaryKey": true,
          "notNull": true
        },
        "user_id": {
          "name": "user_id",
          "type": "integer",
          "primaryKey": false,
          "notNull": false
        },
        "plan_date": {
          "name": "plan_date",
          "type": "date",
          "primaryKey": false,
          "notNull": true
        },
        "plan_data": {
          "name": "plan_data",
          "type": "text",
          "primaryKey": false,
          "notNull": false
        },
        "is_completed": {
          "name": "is_completed",
          "type": "boolean",
          "primaryKey": false,
          "notNull": false,
          "default": false
        },
        "created_at": {
          "name": "created_at",
          "type": "timestamp",
          "primaryKey": false,
          "notNull": false,
          "default": "now()"
        }
      },
      "indexes": {},
      "foreignKeys": {
        "daily_plans_user_id_users_id_fk": {
          "name": "daily_plans_user_id_users_id_fk",
          "tableFrom": "daily_plans",
          "tableTo": "users",
          "columnsFrom": [
            "user_id"
          ],
          "columnsTo": [
            "id"
          ],
          "onDelete": "cascade",
          "onUpdate": "no action"
        }
      },
      "compositePrimaryKeys": {},
      "uniqueConstraints": {
        "daily_plans_user_id_plan_date_unique": {
          "name": "daily_plans_user_id_plan_date_unique",
          "nullsNotDistinct": false,
          "columns": [
            "user_id",
            "plan_date"
          ]
        }
      },
      "policies": {},
      "checkConstraints": {},
      "isRLSEnabled": false
    },
    "public.health_systems": {
      "name": "health_systems",
      "schema": "",
      "columns": {
        "id": {
          "name": "id",
          "type": "integer",
          "primaryKey": true,
          "notNull": true
        },
        "name": {
          "name": "name",
          "type": "varchar(100)",
          "primaryKey": false,
          "notNull": true
        },
        "description": {
          "name": "description",
          "type": "text",
          "primaryKey": false,
          "notNull": false
        },
        "created_at": {
          "name": "created_at",
          "type": "timestamp",
          "primaryKey": false,
          "notNull": false,
          "default": "now()"
        }
      },
      "indexes": {},
      "foreignKeys": {},
      "compositePrimaryKeys": {},
      "uniqueConstraints": {},
      "policies": {},
      "checkConstraints": {},
      "isRLSEnabled": false
    },
    "public.imaging_studies": {
      "name": "imaging_studies",
      "schema": "",
      "columns": {
        "id": {
          "name": "id",
          "type": "serial",
          "primaryKey": true,
          "notNull": true
        },
        "user_id": {
          "name": "user_id",
          "type": "integer",
          "primaryKey": false,
          "notNull": false
        },
        "upload_id": {
          "name": "upload_id",
          "type": "integer",
          "primaryKey": false,
          "notNull": false
        },
        "system_id": {
          "name": "system_id",
          "type": "integer",
          "primaryKey": false,
          "notNull": false
        },
        "study_type": {
          "name": "study_type",
          "type": "varchar(100)",
          "primaryKey": false,
          "notNull": false
        },
        "study_date": {
          "name": "study_date",
          "type": "date",
          "primaryKey": false,
          "notNull": false
        },
        "findings": {
          "name": "findings",
          "type": "text",
          "primaryKey": false,
          "notNull": false
        },
        "summary": {
          "name": "summary",
          "type": "text",
          "primaryKey": false,
          "notNull": false
        },
        "metric_changes": {
          "name": "metric_changes",
          "type": "text",
          "primaryKey": false,
          "notNull": false
        },
        "comparison_data": {
          "name": "comparison_data",
          "type": "text",
          "primaryKey": false,
          "notNull": false
        },
        "thumbnail_path": {
          "name": "thumbnail_path",
          "type": "text",
          "primaryKey": false,
          "notNull": false
        },
        "created_at": {
          "name": "created_at",
          "type": "timestamp",
          "primaryKey": false,
          "notNull": false,
          "default": "now()"
        }
      },
      "indexes": {},
      "foreignKeys": {
        "imaging_studies_user_id_users_id_fk": {
          "name": "imaging_studies_user_id_users_id_fk",
          "tableFrom": "imaging_studies",
          "tableTo": "users",
          "columnsFrom": [
            "user_id"
          ],
          "columnsTo": [
            "id"
          ],
          "onDelete": "cascade",
          "onUpdate": "no action"
        },
        "imaging_studies_upload_id_uploads_id_fk": {
          "name": "imaging_studies_upload_id_uploads_id_fk",
          "tableFrom": "imaging_studies",
          "tableTo": "uploads",
          "columnsFrom": [
            "upload_id"
          ],
          "columnsTo": [
            "id"
          ],
          "onDelete": "cascade",
          "onUpdate": "no action"
        },
        "imaging_studies_system_id_health_systems_id_fk": {
          "name": "imaging_studies_system_id_health_systems_id_fk",
          "tableFrom": "imaging_studies",
          "tableTo": "health_systems",
          "columnsFrom": [
            "system_id"
          ],
          "columnsTo": [
            "id"
          ],
          "onDelete": "no action",
          "onUpdate": "no action"
        }
      },
      "compositePrimaryKeys": {},
      "uniqueConstraints": {},
      "policies": {},
      "checkConstraints": {},
      "isRLSEnabled": false
    },
    "public.metrics": {
      "name": "metrics",
      "schema": "",
      "columns": {
        "id": {
          "name": "id",
          "type": "serial",
          "primaryKey": true,
          "notNull": true
        },
        "user_id": {
          "name": "user_id",
          "type": "integer",
          "primaryKey": false,
          "notNull": false
        },
        "upload_id": {
          "name": "upload_id",
          "type": "integer",
          "primaryKey": false,
          "notNull": false
        },
        "system_id": {
          "name": "system_id",
          "type": "integer",
          "primaryKey": false,
          "notNull": false
        },
        "metric_name": {
          "name": "metric_name",
          "type": "varchar(255)",
          "primaryKey": false,
          "notNull": true
        },
        "metric_value": {
          "name": "metric_value",
          "type": "numeric",
          "primaryKey": false,
          "notNull": false
        },
        "metric_unit": {
          "name": "metric_unit",
          "type": "varchar(50)",
          "primaryKey": false,
          "notNull": false
        },
        "reference_range": {
          "name": "reference_range",
          "type": "text",
          "primaryKey": false,
          "notNull": false
        },
        "is_key_metric": {
          "name": "is_key_metric",
          "type": "boolean",
          "primaryKey": false,
          "notNull": false,
          "default": false
        },
        "is_outlier": {
          "name": "is_outlier",
          "type": "boolean",
          "primaryKey": false,
          "notNull": false,
          "default": false
        },
        "test_date": {
          "name": "test_date",
          "type": "date",
          "primaryKey": false,
          "notNull": false
        },
        "created_at": {
          "name": "created_at",
          "type": "timestamp",
          "primaryKey": false,
          "notNull": false,
          "default": "now()"
        }
      },
      "indexes": {},
      "foreignKeys": {
        "metrics_user_id_users_id_fk": {
          "name": "metrics_user_id_users_id_fk",
          "tableFrom": "metrics",
          "tableTo": "users",
          "columnsFrom": [
            "user_id"
          ],
          "columnsTo": [
            "id"
          ],
          "onDelete": "cascade",
          "onUpdate": "no action"
        },
        "metrics_upload_id_uploads_id_fk": {
          "name": "metrics_upload_id_uploads_id_fk",
          "tableFrom": "metrics",
          "tableTo": "uploads",
          "columnsFrom": [
            "upload_id"
          ],
          "columnsTo": [
            "id"
          ],
          "onDelete": "cascade",
          "onUpdate": "no action"
        },
        "metrics_system_id_health_systems_id_fk": {
          "name": "metrics_system_id_health_systems_id_fk",
          "tableFrom": "metrics",
          "tableTo": "health_systems",
          "columnsFrom": [
            "system_id"
          ],
          "columnsTo": [
            "id"
          ],
          "onDelete": "no action",
          "onUpdate": "no action"
        }
      },
      "compositePrimaryKeys": {},
      "uniqueConstraints": {
        "metrics_user_id_metric_name_test_date_upload_id_unique": {
          "name": "metrics_user_id_metric_name_test_date_upload_id_unique",
          "nullsNotDistinct": false,
          "columns": [
            "user_id",
            "metric_name",
            "test_date",
            "upload_id"
          ]
        }
      },
      "policies": {},
      "checkConstraints": {},
      "isRLSEnabled": false
    },
    "public.questionnaire_responses": {
      "name": "questionnaire_responses",
      "schema": "",
      "columns": {
        "id": {
          "name": "id",
          "type": "serial",
          "primaryKey": true,
          "notNull": true
        },
        "user_id": {
          "name": "user_id",
          "type": "integer",
          "primaryKey": false,
          "notNull": false
        },
        "question_type": {
          "name": "question_type",
          "type": "varchar(255)",
          "primaryKey": false,
          "notNull": true
        },
        "question": {
          "name": "question",
          "type": "text",
          "primaryKey": false,
          "notNull": true
        },
        "response": {
          "name": "response",
          "type": "text",
          "primaryKey": false,
          "notNull": true
        },
        "response_date": {
          "name": "response_date",
          "type": "date",
          "primaryKey": false,
          "notNull": false,
          "default": "now()"
        },
        "created_at": {
          "name": "created_at",
          "type": "timestamp",
          "primaryKey": false,
          "notNull": false,
          "default": "now()"
        }
      },
      "indexes": {},
      "foreignKeys": {
        "questionnaire_responses_user_id_users_id_fk": {
          "name": "questionnaire_responses_user_id_users_id_fk",
          "tableFrom": "questionnaire_responses",
          "tableTo": "users",
          "columnsFrom": [
            "user_id"
          ],
          "columnsTo": [
            "id"
          ],
          "onDelete": "cascade",
          "onUpdate": "no action"
        }
      },
      "compositePrimaryKeys": {},
      "uniqueConstraints": {},
      "policies": {},
      "checkConstraints": {},
      "isRLSEnabled": false
    },
    "public.uploads": {
      "name": "uploads",
      "schema": "",
      "columns": {
        "id": {
          "name": "id",
          "type": "serial",
          "primaryKey": true,
          "notNull": true
        },
        "user_id": {
          "name": "user_id",
          "type": "integer",
          "primaryKey": false,
          "notNull": false
        },
        "filename": {
          "name": "filename",
          "type": "varchar(255)",
          "primaryKey": false,
          "notNull": true
        },
        "file_type": {
          "name": "file_type",
          "type": "varchar(50)",
          "primaryKey": false,
          "notNull": false
        },
        "file_size": {
          "name": "file_size",
          "type": "integer",
          "primaryKey": false,
          "notNull": false
        },
        "upload_type": {
          "name": "upload_type",
          "type": "varchar(50)",
          "primaryKey": false,
          "notNull": false,
          "default": "'manual'"
        },
        "storage_path": {
          "name": "storage_path",
          "type": "text",
          "primaryKey": false,
          "notNull": false
        },
        "processing_status": {
          "name": "processing_status",
          "type": "varchar(50)",
          "primaryKey": false,
          "notNull": false,
          "default": "'pending'"
        },
        "processing_error": {
          "name": "processing_error",
          "type": "text",
          "primaryKey": false,
          "notNull": false
        },
        "created_at": {
          "name": "created_at",
          "type": "timestamp",
          "primaryKey": false,
          "notNull": false,
          "default": "now()"
        },
        "processed_at": {
          "name": "processed_at",
          "type": "timestamp",
          "primaryKey": false,
          "notNull": false
        }
      },
      "indexes": {},
      "foreignKeys": {
        "uploads_user_id_users_id_fk": {
          "name": "uploads_user_id_users_id_fk",
          "tableFrom": "uploads",
          "tableTo": "users",
          "columnsFrom": [
            "user_id"
          ],
          "columnsTo": [
            "id"
          ],
          "onDelete": "cascade",
          "onUpdate": "no action"
        }
      },
      "compositePrimaryKeys": {},
      "uniqueConstraints": {},
      "policies": {},
      "checkConstraints": {},
      "isRLSEnabled": false
    },
    "public.user_custom_metrics": {
      "name": "user_custom_metrics",
      "schema": "",
      "columns": {
        "id": {
          "name": "id",
          "type": "serial",
          "primaryKey": true,
          "notNull": true
        },
        "user_id": {
          "name": "user_id",
          "type": "integer",
          "primaryKey": false,
          "notNull": false
        },
        "metric_name": {
          "name": "metric_name",
          "type": "varchar(255)",
          "primaryKey": false,
          "notNull": true
        },
        "system_id": {
          "name": "system_id",
          "type": "integer",
          "primaryKey": false,
          "notNull": false
        },
        "metric_unit": {
          "name": "metric_unit",
          "type": "varchar(50)",
          "primaryKey": false,
          "notNull": false
        },
        "reference_range": {
          "name": "reference_range",
          "type": "text",
          "primaryKey": false,
          "notNull": false
        },
        "source_type": {
          "name": "source_type",
          "type": "varchar(50)",
          "primaryKey": false,
          "notNull": false,
          "default": "'user_created'"
        },
        "review_status": {
          "name": "review_status",
          "type": "varchar(50)",
          "primaryKey": false,
          "notNull": false,
          "default": "'pending'"
        },
        "created_at": {
          "name": "created_at",
          "type": "timestamp",
          "primaryKey": false,
          "notNull": false,
          "default": "now()"
        }
      },
      "indexes": {
        "idx_user_custom_metrics_review": {
          "name": "idx_user_custom_metrics_review",
          "columns": [
            {
              "expression": "source_type",
              "isExpression": false,
              "asc": true,
              "nulls": "last"
            },
            {
              "expression": "review_status",
              "isExpression": false,
              "asc": true,
              "nulls": "last"
            }
          ],
          "isUnique": false,
          "concurrently": false,
          "method": "btree",
          "with": {}
        }
      },
      "foreignKeys": {
        "user_custom_metrics_user_id_users_id_fk": {
          "name": "user_custom_metrics_user_id_users_id_fk",
          "tableFrom": "user_custom_metrics",
          "tableTo": "users",
          "columnsFrom": [
            "user_id"
          ],
          "columnsTo": [
            "id"
          ],
          "onDelete": "cascade",
          "onUpdate": "no action"
        },
        "user_custom_metrics_system_id_health_systems_id_fk": {
          "name": "user_custom_metrics_system_id_health_systems_id_fk",
          "tableFrom": "user_custom_metrics",
          "tableTo": "health_systems",
          "columnsFrom": [
            "system_id"
          ],
          "columnsTo": [
            "id"
          ],
          "onDelete": "no action",
          "onUpdate": "no action"
        }
      },
      "compositePrimaryKeys": {},
      "uniqueConstraints": {},
      "policies": {},
      "checkConstraints": {},
      "isRLSEnabled": false
    },
    "public.users": {
      "name": "users",
      "schema": "",
      "columns": {
        "id": {
          "name": "id",
          "type": "serial",
          "primaryKey": true,
          "notNull": true
        },
        "email": {
          "name": "email",
          "type": "varchar(255)",
          "primaryKey": false,
          "notNull": true
        },
        "google_id": {
          "name": "google_id",
          "type": "varchar(255)",
          "primaryKey": false,
          "notNull": false
        },
        "name": {
          "name": "name",
          "type": "varchar(255)",
          "primaryKey": false,
          "notNull": false
        },
        "avatar_url": {
          "name": "avatar_url",
          "type": "text",
          "primaryKey": false,
          "notNull": false
        },
        "created_at": {
          "name": "created_at",
          "type": "timestamp",
          "primaryKey": false,
          "notNull": false,
          "default": "now()"
        },
        "updated_at": {
          "name": "updated_at",
          "type": "timestamp",
          "primaryKey": false,
          "notNull": false,
          "default": "now()"
        }
      },
      "indexes": {},
      "foreignKeys": {},
      "compositePrimaryKeys": {},
      "uniqueConstraints": {
        "users_email_unique": {
          "name": "users_email_unique",
          "nullsNotDistinct": false,
          "columns": [
            "email"
          ]
        },
        "users_google_id_unique": {
          "name": "users_google_id_unique",
          "nullsNotDistinct": false,
          "columns": [
            "google_id"
          ]
        }
      },
      "policies": {},
      "checkConstraints": {},
      "isRLSEnabled": false
    }
  },
  "enums": {},
  "schemas": {},
  "sequences": {},
  "roles": {},
  "policies": {},
  "views": {},
  "_meta": {
    "columns": {},
    "schemas": {},
    "tables": {}
  }
}