[
  {
    "id": "biological_age_epigenetics_1",
    "name": "DNA Methylation Age (Epigenetic Age)",
    "system": "Biological Age/Epigenetics",
    "unit": "years",
    "normalMin": "0.000",
    "normalMax": "0.000",
    "isKey": false
  },
  {
    "id": "biological_age_epigenetics_2",
    "name": "Telomere Length (Leukocyte)",
    "system": "Biological Age/Epigenetics",
    "unit": "kilobases",
    "normalMin": "7.000",
    "normalMax": "10.000",
    "isKey": false
  },
  {
    "id": "biological_age_epigenetics_3",
    "name": "Frailty Index",
    "system": "Biological Age/Epigenetics",
    "unit": "(proportion)",
    "normalMin": "0.000",
    "normalMax": "0.200",
    "isKey": false
  },
  {
    "id": "biological_age_epigenetics_4",
    "name": "Grip Strength",
    "system": "Biological Age/Epigenetics",
    "unit": "kg",
    "normalMin": "20.000",
    "normalMax": "0.000",
    "isKey": false
  },
  {
    "id": "biological_age_epigenetics_5",
    "name": "Gait Speed (4-m walk)",
    "system": "Biological Age/Epigenetics",
    "unit": "m/s",
    "normalMin": "1.000",
    "normalMax": "0.000",
    "isKey": false
  },
  {
    "id": "biological_age_epigenetics_6",
    "name": "Bone Density (T-score)",
    "system": "Biological Age/Epigenetics",
    "unit": "– (SD score)",
    "normalMin": "-1.000",
    "normalMax": "0.000",
    "isKey": false
  },
  {
    "id": "biological_age_epigenetics_7",
    "name": "Advanced Glycation (AGEs)",
    "system": "Biological Age/Epigenetics",
    "unit": "AU (arbitrary)",
    "normalMin": "0.000",
    "normalMax": "14.000",
    "isKey": false
  },
  {
    "id": "cardiovascular_1",
    "name": "Resting Heart Rate",
    "system": "Cardiovascular",
    "unit": "beats/min (bpm)",
    "normalMin": "66.000",
    "normalMax": "100.000",
    "isKey": false
  },
  {
    "id": "cardiovascular_10",
    "name": "Lipoprotein (a)",
    "system": "Cardiovascular",
    "unit": "mg/dL",
    "normalMin": "0.000",
    "normalMax": "30.000",
    "isKey": false
  },
  {
    "id": "cardiovascular_11",
    "name": "Apolipoprotein B (ApoB)",
    "system": "Cardiovascular",
    "unit": "mg/dL",
    "normalMin": "0.000",
    "normalMax": "100.000",
    "isKey": false
  },
  {
    "id": "cardiovascular_12",
    "name": "Homocysteine",
    "system": "Cardiovascular",
    "unit": "μmol/L",
    "normalMin": "0.000",
    "normalMax": "15.000",
    "isKey": false
  },
  {
    "id": "cardiovascular_13",
    "name": "High-sensitivity CRP (hs-CRP)",
    "system": "Cardiovascular",
    "unit": "mg/L",
    "normalMin": "1.000",
    "normalMax": "3.000",
    "isKey": false
  },
  {
    "id": "cardiovascular_14",
    "name": "Fibrinogen",
    "system": "Cardiovascular",
    "unit": "mg/dL",
    "normalMin": "200.000",
    "normalMax": "400.000",
    "isKey": false
  },
  {
    "id": "cardiovascular_15",
    "name": "D-dimer",
    "system": "Cardiovascular",
    "unit": "μg/mL FEU",
    "normalMin": "0.000",
    "normalMax": "0.500",
    "isKey": false
  },
  {
    "id": "cardiovascular_16",
    "name": "Cardiac Troponin (cTnI or cTnT)",
    "system": "Cardiovascular",
    "unit": "ng/L (hs assays)",
    "normalMin": "0.000",
    "normalMax": "15.000",
    "isKey": false
  },
  {
    "id": "cardiovascular_17",
    "name": "Creatine Kinase (CK), total",
    "system": "Cardiovascular",
    "unit": "U/L",
    "normalMin": "30.000",
    "normalMax": "220.000",
    "isKey": false
  },
  {
    "id": "cardiovascular_18",
    "name": "B-type Natriuretic Peptide (BNP)",
    "system": "Cardiovascular",
    "unit": "pg/mL",
    "normalMin": "0.000",
    "normalMax": "100.000",
    "isKey": false
  },
  {
    "id": "cardiovascular_19",
    "name": "NT-proBNP",
    "system": "Cardiovascular",
    "unit": "pg/mL",
    "normalMin": "0.000",
    "normalMax": "125.000",
    "isKey": false
  },
  {
    "id": "cardiovascular_2",
    "name": "Blood Pressure (Systolic)",
    "system": "Cardiovascular",
    "unit": "mmHg",
    "normalMin": "0.000",
    "normalMax": "120.000",
    "isKey": false
  },
  {
    "id": "cardiovascular_20",
    "name": "Myeloperoxidase (MPO)",
    "system": "Cardiovascular",
    "unit": "pmol/L",
    "normalMin": "470.000",
    "normalMax": "539.000",
    "isKey": false
  },
  {
    "id": "cardiovascular_21",
    "name": "Trimethylamine N-oxide (TMAO)",
    "system": "Cardiovascular",
    "unit": "μM",
    "normalMin": "0.000",
    "normalMax": "6.200",
    "isKey": false
  },
  {
    "id": "cardiovascular_22",
    "name": "Hemoglobin (Blood)",
    "system": "Cardiovascular",
    "unit": "g/dL",
    "normalMin": "12.000",
    "normalMax": "18.000",
    "isKey": false
  },
  {
    "id": "cardiovascular_23",
    "name": "Hematocrit",
    "system": "Cardiovascular",
    "unit": "% (fraction)",
    "normalMin": "36.000",
    "normalMax": "55.000",
    "isKey": true
  },
  {
    "id": "cardiovascular_24",
    "name": "Red Blood Cell Count",
    "system": "Cardiovascular",
    "unit": "million/μL",
    "normalMin": "4.200",
    "normalMax": "6.100",
    "isKey": false
  },
  {
    "id": "cardiovascular_25",
    "name": "Red Cell Distribution Width (RDW)",
    "system": "Cardiovascular",
    "unit": "%",
    "normalMin": "12.000",
    "normalMax": "12.000",
    "isKey": false
  },
  {
    "id": "cardiovascular_26",
    "name": "Mean Corpuscular Volume (MCV)",
    "system": "Cardiovascular",
    "unit": "fL",
    "normalMin": "80.000",
    "normalMax": "100.000",
    "isKey": false
  },
  {
    "id": "cardiovascular_27",
    "name": "Mean Corpuscular Hemoglobin (MCH)",
    "system": "Cardiovascular",
    "unit": "pg/cell",
    "normalMin": "27.000",
    "normalMax": "31.000",
    "isKey": false
  },
  {
    "id": "cardiovascular_28",
    "name": "MCH Concentration (MCHC)",
    "system": "Cardiovascular",
    "unit": "g/dL",
    "normalMin": "32.000",
    "normalMax": "36.000",
    "isKey": false
  },
  {
    "id": "cardiovascular_29",
    "name": "Ankle-Brachial Index (ABI)",
    "system": "Cardiovascular",
    "unit": "ratio (unitless)",
    "normalMin": "1.000",
    "normalMax": "1.400",
    "isKey": false
  },
  {
    "id": "cardiovascular_3",
    "name": "Blood Pressure (Diastolic)",
    "system": "Cardiovascular",
    "unit": "mmHg",
    "normalMin": "0.000",
    "normalMax": "80.000",
    "isKey": false
  },
  {
    "id": "cardiovascular_30",
    "name": "Non-HDL Cholesterol",
    "system": "Cardiovascular",
    "unit": "mg/dL",
    "normalMin": "0.000",
    "normalMax": "130.000",
    "isKey": false
  },
  {
    "id": "cardiovascular_31",
    "name": "Cholesterol/HDL Ratio",
    "system": "Cardiovascular",
    "unit": "ratio (unitless)",
    "normalMin": "0.000",
    "normalMax": "5.000",
    "isKey": false
  },
  {
    "id": "cardiovascular_32",
    "name": "VLDL Cholesterol",
    "system": "Cardiovascular",
    "unit": "mg/dL",
    "normalMin": "5.000",
    "normalMax": "30.000",
    "isKey": false
  },
  {
    "id": "cardiovascular_33",
    "name": "LDL Particle Number (LDL-P)",
    "system": "Cardiovascular",
    "unit": "nmol/L",
    "normalMin": null,
    "normalMax": null,
    "isKey": false
  },
  {
    "id": "cardiovascular_34",
    "name": "Small LDL-P",
    "system": "Cardiovascular",
    "unit": "nmol/L",
    "normalMin": null,
    "normalMax": null,
    "isKey": false
  },
  {
    "id": "cardiovascular_35",
    "name": "Medium LDL-P",
    "system": "Cardiovascular",
    "unit": "nmol/L",
    "normalMin": null,
    "normalMax": null,
    "isKey": false
  },
  {
    "id": "cardiovascular_36",
    "name": "HDL Large",
    "system": "Cardiovascular",
    "unit": "nmol/L",
    "normalMin": null,
    "normalMax": null,
    "isKey": false
  },
  {
    "id": "cardiovascular_37",
    "name": "LDL Particle Size",
    "system": "Cardiovascular",
    "unit": "Angstrom",
    "normalMin": null,
    "normalMax": null,
    "isKey": false
  },
  {
    "id": "cardiovascular_38",
    "name": "Lp-PLA2 Activity",
    "system": "Cardiovascular",
    "unit": "nmol/min/mL",
    "normalMin": null,
    "normalMax": null,
    "isKey": false
  },
  {
    "id": "cardiovascular_4",
    "name": "Left Ventricular Ejection Fraction (LVEF)",
    "system": "Cardiovascular",
    "unit": "%",
    "normalMin": "50.000",
    "normalMax": "70.000",
    "isKey": false
  },
  {
    "id": "cardiovascular_5",
    "name": "Cardiac Output (Resting)",
    "system": "Cardiovascular",
    "unit": "L/min",
    "normalMin": "5.000",
    "normalMax": "6.000",
    "isKey": false
  },
  {
    "id": "cardiovascular_6",
    "name": "Total Cholesterol",
    "system": "Cardiovascular",
    "unit": "mg/dL",
    "normalMin": "125.000",
    "normalMax": "200.000",
    "isKey": true
  },
  {
    "id": "cardiovascular_7",
    "name": "LDL",
    "system": "Cardiovascular",
    "unit": "mg/dL",
    "normalMin": "0.000",
    "normalMax": "100.000",
    "isKey": true
  },
  {
    "id": "cardiovascular_8",
    "name": "HDL",
    "system": "Cardiovascular",
    "unit": "mg/dL",
    "normalMin": "40.000",
    "normalMax": "100.000",
    "isKey": true
  },
  {
    "id": "cardiovascular_9",
    "name": "Triglycerides",
    "system": "Cardiovascular",
    "unit": "mg/dL",
    "normalMin": "0.000",
    "normalMax": "150.000",
    "isKey": true
  },
  {
    "id": "digestive_1",
    "name": "Alanine Aminotransferase (ALT)",
    "system": "Digestive",
    "unit": "U/L",
    "normalMin": "5.000",
    "normalMax": "55.000",
    "isKey": false
  },
  {
    "id": "digestive_10",
    "name": "Ferritin",
    "system": "Digestive",
    "unit": "ng/mL",
    "normalMin": "15.000",
    "normalMax": "250.000",
    "isKey": false
  },
  {
    "id": "digestive_2",
    "name": "Aspartate Aminotransferase (AST)",
    "system": "Digestive",
    "unit": "U/L",
    "normalMin": "8.000",
    "normalMax": "48.000",
    "isKey": false
  },
  {
    "id": "digestive_3",
    "name": "Alkaline Phosphatase (ALP)",
    "system": "Digestive",
    "unit": "U/L",
    "normalMin": "44.000",
    "normalMax": "147.000",
    "isKey": false
  },
  {
    "id": "digestive_4",
    "name": "Gamma-Glutamyl Transferase (GGT)",
    "system": "Digestive",
    "unit": "U/L",
    "normalMin": "9.000",
    "normalMax": "48.000",
    "isKey": false
  },
  {
    "id": "digestive_5",
    "name": "Total Bilirubin",
    "system": "Digestive",
    "unit": "mg/dL",
    "normalMin": "0.100",
    "normalMax": "1.200",
    "isKey": false
  },
  {
    "id": "digestive_6",
    "name": "Amylase (Pancreatic)",
    "system": "Digestive",
    "unit": "U/L",
    "normalMin": "30.000",
    "normalMax": "110.000",
    "isKey": false
  },
  {
    "id": "digestive_7",
    "name": "Lipase (Pancreatic)",
    "system": "Digestive",
    "unit": "U/L",
    "normalMin": "0.000",
    "normalMax": "160.000",
    "isKey": false
  },
  {
    "id": "digestive_8",
    "name": "Serum Albumin",
    "system": "Digestive",
    "unit": "g/dL",
    "normalMin": "3.500",
    "normalMax": "5.000",
    "isKey": false
  },
  {
    "id": "digestive_9",
    "name": "Serum Iron",
    "system": "Digestive",
    "unit": "μg/dL",
    "normalMin": "60.000",
    "normalMax": "170.000",
    "isKey": false
  },
  {
    "id": "endocrine_hormonal_1",
    "name": "Thyroid Stimulating Hormone (TSH)",
    "system": "Endocrine/Hormonal",
    "unit": "mIU/L",
    "normalMin": "0.400",
    "normalMax": "4.000",
    "isKey": false
  },
  {
    "id": "endocrine_hormonal_10",
    "name": "Calcium (Total Serum)",
    "system": "Endocrine/Hormonal",
    "unit": "mg/dL",
    "normalMin": "8.500",
    "normalMax": "10.500",
    "isKey": false
  },
  {
    "id": "endocrine_hormonal_11",
    "name": "Parathyroid Hormone (PTH)",
    "system": "Endocrine/Hormonal",
    "unit": "pg/mL",
    "normalMin": "10.000",
    "normalMax": "65.000",
    "isKey": false
  },
  {
    "id": "endocrine_hormonal_12",
    "name": "Estradiol (Female)",
    "system": "Endocrine/Hormonal",
    "unit": "pg/mL",
    "normalMin": "0.000",
    "normalMax": "350.000",
    "isKey": false
  },
  {
    "id": "endocrine_hormonal_13",
    "name": "Testosterone (Total)",
    "system": "Endocrine/Hormonal",
    "unit": "ng/dL",
    "normalMin": "15.000",
    "normalMax": "1000.000",
    "isKey": false
  },
  {
    "id": "endocrine_hormonal_2",
    "name": "Free T4 (Thyroxine)",
    "system": "Endocrine/Hormonal",
    "unit": "ng/dL",
    "normalMin": "0.800",
    "normalMax": "2.000",
    "isKey": false
  },
  {
    "id": "endocrine_hormonal_3",
    "name": "Free T3 (Triiodothyronine)",
    "system": "Endocrine/Hormonal",
    "unit": "pg/mL",
    "normalMin": "2.300",
    "normalMax": "4.200",
    "isKey": false
  },
  {
    "id": "endocrine_hormonal_4",
    "name": "Morning Cortisol (8 AM)",
    "system": "Endocrine/Hormonal",
    "unit": "μg/dL",
    "normalMin": "10.000",
    "normalMax": "20.000",
    "isKey": false
  },
  {
    "id": "endocrine_hormonal_5",
    "name": "Afternoon Cortisol (4 PM)",
    "system": "Endocrine/Hormonal",
    "unit": "μg/dL",
    "normalMin": "3.000",
    "normalMax": "10.000",
    "isKey": false
  },
  {
    "id": "endocrine_hormonal_6",
    "name": "Fasting Glucose",
    "system": "Endocrine/Hormonal",
    "unit": "mg/dL",
    "normalMin": "70.000",
    "normalMax": "99.000",
    "isKey": true
  },
  {
    "id": "endocrine_hormonal_7",
    "name": "Hemoglobin A1c (HbA1c)",
    "system": "Endocrine/Hormonal",
    "unit": "% (of total Hb)",
    "normalMin": "0.000",
    "normalMax": "5.700",
    "isKey": false
  },
  {
    "id": "endocrine_hormonal_8",
    "name": "Fasting Insulin",
    "system": "Endocrine/Hormonal",
    "unit": "μIU/mL",
    "normalMin": "0.000",
    "normalMax": "25.000",
    "isKey": false
  },
  {
    "id": "endocrine_hormonal_9",
    "name": "Vitamin D, 25-OH",
    "system": "Endocrine/Hormonal",
    "unit": "ng/mL",
    "normalMin": "30.000",
    "normalMax": "100.000",
    "isKey": false
  },
  {
    "id": "immune_inflammatory_1",
    "name": "White Blood Cell Count (WBC)",
    "system": "Immune/Inflammatory",
    "unit": "per μL",
    "normalMin": "4500.000",
    "normalMax": "11000.000",
    "isKey": false
  },
  {
    "id": "immune_inflammatory_10",
    "name": "IgM (Immunoglobulin M)",
    "system": "Immune/Inflammatory",
    "unit": "mg/dL",
    "normalMin": "40.000",
    "normalMax": "230.000",
    "isKey": false
  },
  {
    "id": "immune_inflammatory_11",
    "name": "Complement C3",
    "system": "Immune/Inflammatory",
    "unit": "mg/dL",
    "normalMin": "90.000",
    "normalMax": "180.000",
    "isKey": false
  },
  {
    "id": "immune_inflammatory_12",
    "name": "Complement C4",
    "system": "Immune/Inflammatory",
    "unit": "mg/dL",
    "normalMin": "10.000",
    "normalMax": "40.000",
    "isKey": false
  },
  {
    "id": "immune_inflammatory_2",
    "name": "Neutrophils (Absolute)",
    "system": "Immune/Inflammatory",
    "unit": "per μL",
    "normalMin": "1500.000",
    "normalMax": "8000.000",
    "isKey": false
  },
  {
    "id": "immune_inflammatory_3",
    "name": "Lymphocytes (Absolute)",
    "system": "Immune/Inflammatory",
    "unit": "per μL",
    "normalMin": "1000.000",
    "normalMax": "4000.000",
    "isKey": false
  },
  {
    "id": "immune_inflammatory_4",
    "name": "Platelet Count",
    "system": "Immune/Inflammatory",
    "unit": "per μL",
    "normalMin": "150000.000",
    "normalMax": "450000.000",
    "isKey": false
  },
  {
    "id": "immune_inflammatory_5",
    "name": "Erythrocyte Sedimentation Rate (ESR)",
    "system": "Immune/Inflammatory",
    "unit": "mm/hour",
    "normalMin": "0.000",
    "normalMax": "30.000",
    "isKey": false
  },
  {
    "id": "immune_inflammatory_6",
    "name": "C-Reactive Protein (CRP)",
    "system": "Immune/Inflammatory",
    "unit": "mg/L",
    "normalMin": "0.000",
    "normalMax": "5.000",
    "isKey": false
  },
  {
    "id": "immune_inflammatory_7",
    "name": "Rheumatoid Factor (RF)",
    "system": "Immune/Inflammatory",
    "unit": "IU/mL",
    "normalMin": "0.000",
    "normalMax": "20.000",
    "isKey": false
  },
  {
    "id": "immune_inflammatory_8",
    "name": "IgG (Immunoglobulin G)",
    "system": "Immune/Inflammatory",
    "unit": "mg/dL",
    "normalMin": "700.000",
    "normalMax": "1600.000",
    "isKey": false
  },
  {
    "id": "immune_inflammatory_9",
    "name": "IgA (Immunoglobulin A)",
    "system": "Immune/Inflammatory",
    "unit": "mg/dL",
    "normalMin": "70.000",
    "normalMax": "400.000",
    "isKey": false
  },
  {
    "id": "integumentary__skin__1",
    "name": "Body Temperature (oral)",
    "system": "Integumentary (Skin)",
    "unit": "°F",
    "normalMin": "97.800",
    "normalMax": "99.000",
    "isKey": false
  },
  {
    "id": "integumentary__skin__2",
    "name": "Skin pH (surface)",
    "system": "Integumentary (Skin)",
    "unit": "pH units",
    "normalMin": "4.700",
    "normalMax": "5.900",
    "isKey": false
  },
  {
    "id": "integumentary__skin__3",
    "name": "Vitamin C (Plasma)",
    "system": "Integumentary (Skin)",
    "unit": "mg/dL",
    "normalMin": "0.600",
    "normalMax": "2.000",
    "isKey": false
  },
  {
    "id": "integumentary__skin__4",
    "name": "Zinc (Serum)",
    "system": "Integumentary (Skin)",
    "unit": "μg/dL",
    "normalMin": "60.000",
    "normalMax": "130.000",
    "isKey": false
  },
  {
    "id": "integumentary__skin__5",
    "name": "Copper (Serum)",
    "system": "Integumentary (Skin)",
    "unit": "μg/dL",
    "normalMin": "70.000",
    "normalMax": "155.000",
    "isKey": false
  },
  {
    "id": "integumentary__skin__6",
    "name": "Vitamin A (Retinol)",
    "system": "Integumentary (Skin)",
    "unit": "μg/dL",
    "normalMin": "20.000",
    "normalMax": "60.000",
    "isKey": false
  },
  {
    "id": "nervous_brain_1",
    "name": "CSF Opening Pressure",
    "system": "Nervous/Brain",
    "unit": "mm H2O",
    "normalMin": "70.000",
    "normalMax": "180.000",
    "isKey": false
  },
  {
    "id": "nervous_brain_10",
    "name": "Intracranial Pressure (ICP)",
    "system": "Nervous/Brain",
    "unit": "mmHg",
    "normalMin": "7.000",
    "normalMax": "15.000",
    "isKey": false
  },
  {
    "id": "nervous_brain_11",
    "name": "Glasgow Coma Scale (GCS)",
    "system": "Nervous/Brain",
    "unit": "score (3–15)",
    "normalMin": "15.000",
    "normalMax": "15.000",
    "isKey": false
  },
  {
    "id": "nervous_brain_2",
    "name": "CSF Total Protein",
    "system": "Nervous/Brain",
    "unit": "mg/dL",
    "normalMin": "15.000",
    "normalMax": "60.000",
    "isKey": false
  },
  {
    "id": "nervous_brain_3",
    "name": "CSF Glucose",
    "system": "Nervous/Brain",
    "unit": "mg/dL",
    "normalMin": "50.000",
    "normalMax": "80.000",
    "isKey": false
  },
  {
    "id": "nervous_brain_4",
    "name": "CSF White Blood Cells",
    "system": "Nervous/Brain",
    "unit": "cells/μL",
    "normalMin": "0.000",
    "normalMax": "5.000",
    "isKey": false
  },
  {
    "id": "nervous_brain_5",
    "name": "CSF Red Blood Cells",
    "system": "Nervous/Brain",
    "unit": "cells/μL",
    "normalMin": "0.000",
    "normalMax": "0.000",
    "isKey": false
  },
  {
    "id": "nervous_brain_6",
    "name": "CSF Chloride",
    "system": "Nervous/Brain",
    "unit": "mEq/L",
    "normalMin": "110.000",
    "normalMax": "125.000",
    "isKey": false
  },
  {
    "id": "nervous_brain_7",
    "name": "CSF Gamma Globulin",
    "system": "Nervous/Brain",
    "unit": "%",
    "normalMin": "3.000",
    "normalMax": "3.000",
    "isKey": false
  },
  {
    "id": "nervous_brain_8",
    "name": "Serum Vitamin B12",
    "system": "Nervous/Brain",
    "unit": "pg/mL",
    "normalMin": "200.000",
    "normalMax": "900.000",
    "isKey": false
  },
  {
    "id": "nervous_brain_9",
    "name": "Serum Folate (Vitamin B9)",
    "system": "Nervous/Brain",
    "unit": "ng/mL",
    "normalMin": "2.700",
    "normalMax": "17.000",
    "isKey": false
  },
  {
    "id": "reproductive_1",
    "name": "Follicle-Stim. Hormone (FSH)",
    "system": "Reproductive",
    "unit": "mIU/mL",
    "normalMin": "1.500",
    "normalMax": "13.000",
    "isKey": false
  },
  {
    "id": "reproductive_2",
    "name": "Luteinizing Hormone (LH)",
    "system": "Reproductive",
    "unit": "mIU/mL",
    "normalMin": "1.800",
    "normalMax": "15.000",
    "isKey": false
  },
  {
    "id": "reproductive_3",
    "name": "Estradiol (E2, Female)",
    "system": "Reproductive",
    "unit": "pg/mL",
    "normalMin": "50.000",
    "normalMax": "250.000",
    "isKey": false
  },
  {
    "id": "reproductive_4",
    "name": "Progesterone (Female)",
    "system": "Reproductive",
    "unit": "ng/mL",
    "normalMin": "5.000",
    "normalMax": "20.000",
    "isKey": false
  },
  {
    "id": "reproductive_5",
    "name": "Total Testosterone",
    "system": "Reproductive",
    "unit": "ng/dL",
    "normalMin": "15.000",
    "normalMax": "1000.000",
    "isKey": false
  },
  {
    "id": "reproductive_6",
    "name": "Prostate-Specific Antigen (PSA)",
    "system": "Reproductive",
    "unit": "ng/mL",
    "normalMin": "0.000",
    "normalMax": "4.000",
    "isKey": false
  },
  {
    "id": "reproductive_7",
    "name": "hCG (Pregnancy Test)",
    "system": "Reproductive",
    "unit": "mIU/mL",
    "normalMin": "0.000",
    "normalMax": "5.000",
    "isKey": false
  },
  {
    "id": "reproductive_8",
    "name": "Anti-Müllerian Hormone (AMH)",
    "system": "Reproductive",
    "unit": "ng/mL",
    "normalMin": "1.000",
    "normalMax": "4.000",
    "isKey": false
  },
  {
    "id": "reproductive_9",
    "name": "Semen Sperm Count",
    "system": "Reproductive",
    "unit": "per mL",
    "normalMin": "9999999.999",
    "normalMax": "0.000",
    "isKey": false
  },
  {
    "id": "respiratory_1",
    "name": "Arterial Blood pH",
    "system": "Respiratory",
    "unit": "pH units",
    "normalMin": "7.350",
    "normalMax": "7.450",
    "isKey": false
  },
  {
    "id": "respiratory_10",
    "name": "Peak Expiratory Flow (PEF)",
    "system": "Respiratory",
    "unit": "L/min",
    "normalMin": "400.000",
    "normalMax": "600.000",
    "isKey": false
  },
  {
    "id": "respiratory_2",
    "name": "PaO2 (Arterial O₂)",
    "system": "Respiratory",
    "unit": "mmHg",
    "normalMin": "80.000",
    "normalMax": "100.000",
    "isKey": false
  },
  {
    "id": "respiratory_3",
    "name": "PaCO2 (Arterial CO₂)",
    "system": "Respiratory",
    "unit": "mmHg",
    "normalMin": "35.000",
    "normalMax": "45.000",
    "isKey": false
  },
  {
    "id": "respiratory_4",
    "name": "Bicarbonate (HCO₃⁻)",
    "system": "Respiratory",
    "unit": "mEq/L",
    "normalMin": "22.000",
    "normalMax": "26.000",
    "isKey": false
  },
  {
    "id": "respiratory_5",
    "name": "Oxygen Saturation (SpO₂)",
    "system": "Respiratory",
    "unit": "% (on room air)",
    "normalMin": "95.000",
    "normalMax": "100.000",
    "isKey": false
  },
  {
    "id": "respiratory_6",
    "name": "Respiratory Rate",
    "system": "Respiratory",
    "unit": "breaths/min",
    "normalMin": "12.000",
    "normalMax": "18.000",
    "isKey": false
  },
  {
    "id": "respiratory_7",
    "name": "Tidal Volume",
    "system": "Respiratory",
    "unit": "mL (at rest)",
    "normalMin": "500.000",
    "normalMax": "500.000",
    "isKey": false
  },
  {
    "id": "respiratory_8",
    "name": "Vital Capacity (FVC)",
    "system": "Respiratory",
    "unit": "liters",
    "normalMin": "3.000",
    "normalMax": "5.000",
    "isKey": false
  },
  {
    "id": "respiratory_9",
    "name": "FEV₁/FVC Ratio",
    "system": "Respiratory",
    "unit": "ratio (no units)",
    "normalMin": "0.750",
    "normalMax": "80.000",
    "isKey": false
  },
  {
    "id": "sensory__hearing__1",
    "name": "Hearing Level (Audiometry)",
    "system": "Sensory (Hearing)",
    "unit": "dB HL",
    "normalMin": "0.000",
    "normalMax": "25.000",
    "isKey": false
  },
  {
    "id": "sensory__hearing__2",
    "name": "Tympanic Membrane Mobility",
    "system": "Sensory (Hearing)",
    "unit": "– (qualitative)",
    "normalMin": "0.000",
    "normalMax": "0.000",
    "isKey": false
  },
  {
    "id": "sensory__vision__1",
    "name": "Visual Acuity (Snellen)",
    "system": "Sensory (Vision)",
    "unit": "%",
    "normalMin": "20.000",
    "normalMax": "20.000",
    "isKey": false
  },
  {
    "id": "sensory__vision__2",
    "name": "Intraocular Pressure (IOP)",
    "system": "Sensory (Vision)",
    "unit": "mmHg",
    "normalMin": "10.000",
    "normalMax": "21.000",
    "isKey": false
  },
  {
    "id": "sensory__vision__3",
    "name": "Color Vision (Ishihara)",
    "system": "Sensory (Vision)",
    "unit": "unitless",
    "normalMin": "0.000",
    "normalMax": "0.000",
    "isKey": false
  },
  {
    "id": "urinary_renal_1",
    "name": "Blood Urea Nitrogen (BUN)",
    "system": "Urinary/Renal",
    "unit": "mg/dL",
    "normalMin": "7.000",
    "normalMax": "20.000",
    "isKey": false
  },
  {
    "id": "urinary_renal_10",
    "name": "Urine pH",
    "system": "Urinary/Renal",
    "unit": "pH units",
    "normalMin": "4.500",
    "normalMax": "8.000",
    "isKey": false
  },
  {
    "id": "urinary_renal_11",
    "name": "Urine Protein",
    "system": "Urinary/Renal",
    "unit": "mg/day",
    "normalMin": "0.000",
    "normalMax": "150.000",
    "isKey": false
  },
  {
    "id": "urinary_renal_12",
    "name": "Urine Albumin-Creatinine Ratio",
    "system": "Urinary/Renal",
    "unit": "mg/g",
    "normalMin": "0.000",
    "normalMax": "30.000",
    "isKey": false
  },
  {
    "id": "urinary_renal_13",
    "name": "Urine RBCs (microscopic)",
    "system": "Urinary/Renal",
    "unit": "per HPF",
    "normalMin": "0.000",
    "normalMax": "2.000",
    "isKey": false
  },
  {
    "id": "urinary_renal_14",
    "name": "Urine WBCs (microscopic)",
    "system": "Urinary/Renal",
    "unit": "per HPF",
    "normalMin": "0.000",
    "normalMax": "5.000",
    "isKey": false
  },
  {
    "id": "urinary_renal_2",
    "name": "Serum Creatinine",
    "system": "Urinary/Renal",
    "unit": "mg/dL",
    "normalMin": "0.590",
    "normalMax": "1.350",
    "isKey": true
  },
  {
    "id": "urinary_renal_3",
    "name": "eGFR (estimated GFR)",
    "system": "Urinary/Renal",
    "unit": "mL/min/1.73 m²",
    "normalMin": "90.000",
    "normalMax": "0.000",
    "isKey": false
  },
  {
    "id": "urinary_renal_4",
    "name": "Sodium (Serum)",
    "system": "Urinary/Renal",
    "unit": "mmol/L",
    "normalMin": "135.000",
    "normalMax": "145.000",
    "isKey": false
  },
  {
    "id": "urinary_renal_5",
    "name": "Potassium (Serum)",
    "system": "Urinary/Renal",
    "unit": "mmol/L",
    "normalMin": "3.500",
    "normalMax": "5.000",
    "isKey": false
  },
  {
    "id": "urinary_renal_6",
    "name": "Chloride (Serum)",
    "system": "Urinary/Renal",
    "unit": "mmol/L",
    "normalMin": "98.000",
    "normalMax": "107.000",
    "isKey": false
  },
  {
    "id": "urinary_renal_7",
    "name": "Serum Phosphate",
    "system": "Urinary/Renal",
    "unit": "mg/dL",
    "normalMin": "2.500",
    "normalMax": "4.500",
    "isKey": false
  },
  {
    "id": "urinary_renal_8",
    "name": "Serum Magnesium",
    "system": "Urinary/Renal",
    "unit": "mg/dL",
    "normalMin": "1.800",
    "normalMax": "2.400",
    "isKey": false
  },
  {
    "id": "urinary_renal_9",
    "name": "Urine Specific Gravity",
    "system": "Urinary/Renal",
    "unit": "(ratio)",
    "normalMin": "1.005",
    "normalMax": "1.030",
    "isKey": false
  }
]